Workbook
Name _b2: #REF!
Name a: #REF!
Name a: #REF!
Name AccountList2007: #REF!
Name AccountList2007: #REF!
Name AccountList2008: #REF!
Name Agg_Marman_Claims: #REF!
Name Agg_Marman_Summary: #REF!
Name Aggregate_Summary: #REF!
Name Avg_Delay: '[1]Frequency analysis'!$X$14
Name Avg_Delay: #REF!
Name avg_obs_delay: #REF!
Name Binder_Table: [2]Console!$B$156:$C$172
Name binder_table_mid: [2]Console!$B$156:$G$172
Name biz_type_table: [2]Console!$B$70:$C$71
Name biz_type_table_mid: [2]Console!$B$70:$G$71
Name Chart_Points: '[3]Standard severity models'!$U$14
Name Claims_Inflation: '[4]2. Claims data'!$D$6
Name cli_output2: #REF!
Name cli_output2: #REF!
Name COB_BT_Combo_Table: [2]Console!$B$176:$C$194
Name COB_BT_Combo_Table_mid: [2]Console!$B$176:$G$194
Name COB_table: [2]Console!$B$75:$C$86
Name COB_table_mid: [2]Console!$B$75:$G$86
Name Company: #REF!
Name Company: #REF!
Name Contract_Basis: [5]Assumptions!$L$7
Name Contract_length_table: [2]Console!$B$90:$C$93
Name Contract_length_table_mid: [2]Console!$B$90:$G$93
Name Corr_Factor: [5]Assumptions!$L$13
Name country_table: [2]Console!$K$74:$L$182
Name country_table_mid: [2]Console!$K$74:$P$182
Name csi: [6]Assumptions!$C$28
Name csi_client: #REF!
Name csi_client: #REF!
Name csi_market: #REF!
Name csi_mkt: [6]Aggregation!#REF!
Name csi_old: #REF!
Name csi_old: #REF!
Name csi_orig: [6]Aggregation!$D$35
Name csi_std_client: #REF!
Name csi_std_client: #REF!
Name CurrentYear: #REF!
Name Data_Set: '[7]1. IBNR Calculations'!$W$7
Name database1: '[8]2007 vs 2008 (2)'!$A$8:$T$130
Name database1: '[9]2007 vs 2008 (2)'!$A$8:$T$130
Name Database2: '[8]2007 vs 2008'!$A$8:$T$130
Name Dcsi_mkt: [6]Aggregation!#REF!
Name Dcsi_mkt: [6]Aggregation!#REF!
Name Default_Inflation: [5]Assumptions!$L$9
Name disct_rate_cli: #REF!
Name disct_rate_cli: #REF!
Name disct_rate_mkt: #REF!
Name dlambda_client: #REF!
Name Dlambda_het: [6]Aggregation!#REF!
Name dlambda_market: #REF!
Name dlambda_market: #REF!
Name Dlambda_mkt: [6]Aggregation!#REF!
Name Dlambda_mkt: [6]Aggregation!#REF!
Name Dlambda_mkt_2m: [6]Aggregation!#REF!

Sheet 00. DISCLAIMER
B4: This data is intended for purely educational purposes and as supporting material for the textbook "Pricing in General Insurance" by Pietro Parodi and comes with no guarantee. It should not be relied upon for use in a professional context. Also note that the data included here is realistic but not real.

Sheet Policy data
A1: Policy ID | B1: Inception Date | C1: Expiry Date | D1: Territory | E1: Client | F1: Class of Business | G1: Insured's Industry Sector | H1: Currency | I1: Limit Amount | J1: Excess / Deductible Amount | K1: Layer Type | L1: Gross Premium | M1: Brokerage Deductions | N1: Net Premium
A2: Policy_7022 | B2: 39448 | C2: 39814 | D2: Spain | E2: Client_2 | F2: PI | G2: Project management | H2: EUR | I2: 3000000 | J2: 30000 | K2: Stand Alone | L2: 7056.338 | M2: 1587.6761 | N2: 5468.662
A3: Policy_16141 | B3: 39656 | C3: 40205 | D3: Australia | E3: Client_7 | F3: D&O | G3: Manufacturing | H3: AUD | I3: 10000000 | J3: 10000000 | K3: Excess | L3: 16978.743 | M3: 3395.7415 | N3: 13583.001
A4: Policy_20434 | B4: 39658 | C4: 42213 | D4: United Kingdom | E4: Client_15 | F4: D&O | G4: Energy | H4: GBP | I4: 20000000 | J4: 25000 | K4: Stand Alone | L4: 260937.5 | M4: 52187.517 | N4: 208749.98
A5: Policy_7870 | B5: 39814 | C5: 40179 | D5: Russian Federation | E5: Client_17 | F5: D&O | G5: Technology, Media, Telecomunications | H5: USD | I5: 15000000 | J5: 15000000 | K5: Excess | L5: 75000 | M5: 16875 | N5: 58125
A6: Policy_19714 | B6: 39814 | C6: 40179 | D6: United States | E6: Client_23 | F6: PI | G6: Legal Services - Solicitor | H6: USD | I6: 20000000 | J6: 3000000 | K6: Primary | L6: 1719000 | M6: 249255 | N6: 1469745
A7: Policy_20703 | B7: 39399 | C7: 39765 | D7: Ecuador | E7: Client_25 | F7: D&O | G7: Administration Services | H7: USD | I7: 1000000 | J7: Nil | K7: Stand Alone | L7: 7524 | M7: 1504.8 | N7: 6019.2
A8: Policy_3561 | B8: 39814 | C8: 40179 | D8: Russian Federation | E8: Client_29 | F8: D&O | G8: Property | H8: USD | I8: 10000000 | J8: 15000000 | K8: Excess | L8: 95000 | M8: 21375 | N8: 73625
A9: Policy_19411 | B9: 39405 | C9: 39801 | D9: Trinidad and Tobago | E9: Client_30 | F9: D&O | G9: Manufacturing | H9: USD | I9: 2500000 | J9: Nil | K9: Stand Alone | L9: 4869.86 | M9: 973.97 | N9: 3895.89
A10: Policy_20202 | B10: 39814 | C10: 40179 | D10: United States | E10: Client_33 | F10: PI | G10: Legal Services - Solicitor | H10: USD | I10: 30000000 | J10: 20000000 | K10: Excess | L10: 975000 | M10: 142350 | N10: 832650
A11: Policy_16861 | B11: 39417 | C11: 39782 | D11: Turks And Caicos Islands | E11: Client_35 | F11: D&O | G11: Entertainment, Leisure and Hospitality | H11: USD | I11: 2000000 | J11: Nil | K11: Stand Alone | L11: 8500 | M11: 1700 | N11: 6800
A12: Policy_8197 | B12: 39814 | C12: 40179 | D12: United States | E12: Client_37 | F12: PI | G12: Legal Services - Solicitor | H12: USD | I12: 20000000 | J12: 1000000 | K12: Primary | L12: 366366.79 | M12: 54955.03 | N12: 311411.76
A13: Policy_1868 | B13: 39417 | C13: 39782 | D13: Turks And Caicos Islands | E13: Client_38 | F13: D&O | G13: Entertainment, Leisure and Hospitality | H13: USD | I13: 4000000 | J13: Nil | K13: Stand Alone | L13: 8500 | M13: 1700 | N13: 6800
A14: Policy_17432 | B14: 39814 | C14: 40179 | D14: Russian Federation | E14: Client_42 | F14: D&O | G14: Technology, Media, Telecomunications | H14: USD | I14: 15000000 | J14: 15000000 | K14: Excess | L14: 80000 | M14: 18000 | N14: 62000
A15: Policy_5043 | B15: 39814 | C15: 40179 | D15: United States | E15: Client_44 | F15: PI | G15: Legal Services - Solicitor | H15: USD | I15: 20000000 | J15: 20000000 | K15: Excess | L15: 158564.39 | M15: 23784.66 | N15: 134779.73
A16: Policy_6034 | B16: 39814 | C16: 40179 | D16: France | E16: Client_45 | F16: D&O | G16: Retail, Distribution and Wholesale | H16: USD | I16: 15000000 | J16: 50000 | K16: Primary | L16: 20700 | M16: 0 | N16: 20700
A17: Policy_15606 | B17: 39417 | C17: 39783 | D17: Peru | E17: Client_52 | F17: D&O | G17: Entertainment, Leisure and Hospitality | H17: USD | I17: 15000000 | J17: Nil | K17: Stand Alone | L17: 27500 | M17: 5500 | N17: 22000
A18: Policy_20495 | B18: 39814 | C18: 40179 | D18: United States | E18: Client_56 | F18: PI | G18: Legal Services - Solicitor | H18: USD | I18: 30000000 | J18: 40000000 | K18: Excess | L18: 100191.78 | M18: 12523.98 | N18: 87667.8
A19: Policy_12528 | B19: 39417 | C19: 39783 | D19: Brazil | E19: Client_57 | F19: D&O | G19: Mining | H19: USD | I19: 25000000 | J19: 1500000 | K19: Primary | L19: 458289.35 | M19: 0 | N19: 458289.35
A20: Policy_5717 | B20: 40148 | C20: 40513 | D20: Austria | E20: Client_59 | F20: D&O | G20: Mining | H20: USD | I20: 25000000 | J20: 1500000 | K20: Primary | L20: 653797.48 | M20: 68452.62 | N20: 585344.86
A21: Policy_5663 | B21: 39814 | C21: 40179 | D21: France | E21: Client_61 | F21: D&O | G21: Retail, Distribution and Wholesale | H21: USD | I21: 5000000 | J21: 25000000 | K21: Excess | L21: 22500 | M21: 0 | N21: 22500
A22: Policy_12253 | B22: 39814 | C22: 40179 | D22: United States | E22: Client_63 | F22: PI | G22: Legal Services - Solicitor | H22: USD | I22: 25000000 | J22: 50000000 | K22: Excess | L22: 195000 | M22: 34125 | N22: 160875
A23: Policy_14066 | B23: 39814 | C23: 40179 | D23: Russian Federation | E23: Client_65 | F23: D&O | G23: Technology, Media, Telecomunications | H23: USD | I23: 60000000 | J23: 160000000 | K23: Excess | L23: 230000 | M23: 51750 | N23: 178250
A24: Policy_13105 | B24: 39814 | C24: 40179 | D24: United Kingdom | E24: Client_67 | F24: D&O | G24: Manufacturing | H24: EUR | I24: 7500000 | J24: Nil | K24: Stand Alone | L24: 48512.324 | M24: 1212.8081 | N24: 47299.516
A25: Policy_6331 | B25: 40179 | C25: 40544 | D25: France | E25: Client_68 | F25: D&O | G25: Manufacturing | H25: EUR | I25: 7500000 | J25: Nil | K25: Stand Alone | L25: 79971.831 | M25: 0 | N25: 79971.831
A26: Policy_14570 | B26: 39617 | C26: 39982 | D26: Channel Islands | E26: Client_69 | F26: D&O | G26: Consultancy | H26: GBP | I26: 5000000 | J26: Nil | K26: Primary | L26: 14028 | M26: 2805.6 | N26: 11222.4
A27: Policy_20560 | B27: 39814 | C27: 40179 | D27: Russian Federation | E27: Client_70 | F27: D&O | G27: Technology, Media, Telecomunications | H27: USD | I27: 50000000 | J27: 220000000 | K27: Excess | L27: 98000 | M27: 22050 | N27: 75950
A28: Policy_18502 | B28: 39414 | C28: 39629 | D28: El Salvador | E28: Client_72 | F28: D&O | G28: Retail, Distribution and Wholesale | H28: USD | I28: 5000000 | J28: Nil | K28: Stand Alone | L28: 14863 | M28: 2229.45 | N28: 12633.55
A29: Policy_13965 | B29: 39814 | C29: 40179 | D29: Russian Federation | E29: Client_78 | F29: D&O | G29: Technology, Media, Telecomunications | H29: USD | I29: 15000000 | J29: 15000000 | K29: Excess | L29: 110000 | M29: 24750 | N29: 85250
A30: Policy_11794 | B30: 39822 | C30: 40186 | D30: United Kingdom | E30: Client_87 | F30: PI | G30: Surveyor | H30: GBP | I30: 5000000 | J30: 100000 | K30: Primary | L30: 83500 | M30: 0 | N30: 83500
A31: Policy_877 | B31: 39447 | C31: 39813 | D31: Spain | E31: Client_91 | F31: PI | G31: Engineering | H31: EUR | I31: 15000000 | J31: 15000000 | K31: Excess | L31: 346936.62 | M31: 69387.324 | N31: 277549.3
A32: Policy_9873 | B32: 39822 | C32: 40186 | D32: United Kingdom | E32: Client_92 | F32: PI | G32: Surveyor | H32: GBP | I32: 10000000 | J32: 5000000 | K32: Excess | L32: 40706.25 | M32: 0 | N32: 40706.25
A33: Policy_7533 | B33: 39447 | C33: 39813 | D33: Spain | E33: Client_94 | F33: PI | G33: Engineering | H33: EUR | I33: 10000000 | J33: 10000000 | K33: Excess | L33: 393978.87 | M33: 78795.775 | N33: 315183.1
A34: Policy_15802 | B34: 39822 | C34: 40186 | D34: United Kingdom | E34: Client_98 | F34: PI | G34: Surveyor | H34: GBP | I34: 5000000 | J34: 10000000 | K34: Excess | L34: 10771.5 | M34: 0 | N34: 10771.5
A35: Policy_17631 | B35: 39821 | C35: 40186 | D35: United States | E35: Client_99 | F35: PI | G35: Health & Safety | H35: USD | I35: 5000000 | J35: 100000 | K35: Stand Alone | L35: 145000 | M35: 25375 | N35: 119625
A36: Policy_9321 | B36: 39439 | C36: 39805 | D36: Trinidad and Tobago | E36: Client_104 | F36: D&O | G36: Manufacturing | H36: USD | I36: 2000000 | J36: Nil | K36: Stand Alone | L36: 5500 | M36: 1100 | N36: 4400
A37: Policy_5510 | B37: 39823 | C37: 40237 | D37: Cyprus | E37: Client_108 | F37: D&O | G37: Utilities - water, gas, electricity | H37: USD | I37: 20000000 | J37: Nil | K37: Stand Alone | L37: 61249.31 | M37: 13781.1 | N37: 47468.21
A38: Policy_2928 | B38: 39428 | C38: 39794 | D38: Turks And Caicos Islands | E38: Client_110 | F38: PI | G38: Administration Services | H38: USD | I38: 5000000 | J38: 150000 | K38: Stand Alone | L38: 65669 | M38: 13133.8 | N38: 52535.2
A39: Policy_5945 | B39: 39828 | C39: 40192 | D39: United Kingdom | E39: Client_113 | F39: D&O | G39: Engineering | H39: USD | I39: 10000000 | J39: Nil | K39: Stand Alone | L39: 70300 | M39: 14060 | N39: 56240
A40: Policy_7136 | B40: 39445 | C40: 39811 | D40: Trinidad and Tobago | E40: Client_117 | F40: D&O | G40: Entertainment, Leisure and Hospitality | H40: USD | I40: 1582278 | J40: Nil | K40: Stand Alone | L40: 3461.74 | M40: 692.35 | N40: 2769.39
A41: Policy_9974 | B41: 39844 | C41: 40209 | D41: United Kingdom | E41: Client_125 | F41: D&O | G41: Retail, Distribution and Wholesale | H41: GBP | I41: 35000000 | J41: 15000000 | K41: Excess | L41: 138610 | M41: 3465.25 | N41: 135144.75
A42: Policy_12359 | B42: 39876 | C42: 40240 | D42: Not Applicable | E42: Client_146 | F42: 3PB | G42: Unknown | H42: Unknown | I42: Not Available | J42: Not Available | K42: Unknown | L42: 39868.31 | M42: 10963.785 | N42: 28904.525
A43: Policy_6780 | B43: 39845 | C43: 40210 | D43: United States | E43: Client_147 | F43: PI | G43: Consultancy | H43: USD | I43: 1000000 | J43: 35000 | K43: Stand Alone | L43: 28500 | M43: 6412.52 | N43: 22087.48
A44: Policy_4995 | B44: 39437 | C44: 39803 | D44: United Arab Emirates | E44: Client_148 | F44: D&O | G44: Utilities - water, gas, electricity | H44: USD | I44: 10000000 | J44: Nil | K44: Stand Alone | L44: 29500 | M44: 5900 | N44: 23600
A45: Policy_8748 | B45: 39904 | C45: 40269 | D45: United Kingdom | E45: Client_152 | F45: PI | G45: Surveyor | H45: GBP | I45: 10000000 | J45: 20000000 | K45: Excess | L45: 75150 | M45: 18787.517 | N45: 56362.483
A46: Policy_10027 | B46: 39904 | C46: 40269 | D46: United States | E46: Client_157 | F46: PI | G46: Technology, Media, Telecomunications | H46: USD | I46: 10000000 | J46: 500000 | K46: Stand Alone | L46: 795000 | M46: 159000 | N46: 636000
A47: Policy_20484 | B47: 39845 | C47: 39934 | D47: Canada | E47: Client_159 | F47: D&O | G47: Energy | H47: CAD | I47: 10000000 | J47: 10000000 | K47: Excess | L47: 14743.645 | M47: 2948.7305 | N47: 11794.915
A48: Policy_7644 | B48: 39495 | C48: 39861 | D48: Brazil | E48: Client_160 | F48: D&O | G48: Utilities - water, gas, electricity | H48: USD | I48: 10000000 | J48: Nil | K48: Stand Alone | L48: 36100 | M48: 7220 | N48: 28880
A49: Policy_12419 | B49: 39448 | C49: 39813 | D49: France | E49: Client_161 | F49: PI | G49: Architect | H49: GBP | I49: 10000000 | J49: 200000 | K49: Stand Alone | L49: 1123513.1 | M49: 224702.6 | N49: 898810.48
A50: Policy_13962 | B50: 39448 | C50: 39814 | D50: Trinidad and Tobago | E50: Client_164 | F50: D&O | G50: Retail, Distribution and Wholesale | H50: TTD | I50: 10000000 | J50: Nil | K50: Stand Alone | L50: 4784.69 | M50: 956.94 | N50: 3827.75
A51: Policy_20167 | B51: 39847 | C51: 40211 | D51: United Kingdom | E51: Client_168 | F51: Crime; D&O; PI | G51: Administration Services | H51: GBP | I51: 5000000 | J51: 100000 | K51: Stand Alone | L51: 99189.951 | M51: 22317.73 | N51: 76872.221
A52: Policy_6632 | B52: 39478 | C52: 39844 | D52: Turks And Caicos Islands | E52: Client_169 | F52: D&O | G52: Property | H52: USD | I52: 1000000 | J52: Nil | K52: Stand Alone | L52: 2810.96 | M52: 632.47 | N52: 2178.49
A53: Policy_10201 | B53: 39478 | C53: 39844 | D53: Italy | E53: Client_170 | F53: D&O | G53: Retail, Distribution and Wholesale | H53: EUR | I53: 15000000 | J53: Nil | K53: Primary | L53: 37633.803 | M53: 9408.4507 | N53: 28225.352
A54: Policy_4225 | B54: 39863 | C54: 40227 | D54: British Virgin Islands | E54: Client_171 | F54: D&O | G54: Energy | H54: USD | I54: 15000000 | J54: 60000000 | K54: Excess | L54: 52000 | M54: 0 | N54: 52000
A55: Policy_7983 | B55: 39467 | C55: 39833 | D55: Venezuela | E55: Client_173 | F55: D&O | G55: Manufacturing | H55: USD | I55: 25000000 | J55: Nil | K55: Stand Alone | L55: 310600 | M55: 74544 | N55: 236056
A56: Policy_17933 | B56: 39849 | C56: 40213 | D56: United Kingdom | E56: Client_176 | F56: PI | G56: Insurance Broker | H56: GBP | I56: 7500000 | J56: 20000 | K56: Stand Alone | L56: 86840 | M56: 0 | N56: 86840
A57: Policy_19305 | B57: 39863 | C57: 40227 | D57: British Virgin Islands | E57: Client_178 | F57: D&O | G57: Energy | H57: USD | I57: 10000000 | J57: 50000000 | K57: Excess | L57: 44500 | M57: 0 | N57: 44500
A58: Policy_11435 | B58: 39850 | C58: 40178 | D58: United Kingdom | E58: Client_182 | F58: PI | G58: Technology, Media, Telecomunications | H58: GBP | I58: 5000000 | J58: 10000 | K58: Stand Alone | L58: 63222.092 | M58: 15805.531 | N58: 47416.56
A59: Policy_12398 | B59: 39448 | C59: 39814 | D59: Spain | E59: Client_184 | F59: D&O | G59: Education | H59: EUR | I59: 5000000 | J59: 1000000 | K59: Excess | L59: 9408.4507 | M59: 1881.6901 | N59: 7526.7606
A60: Policy_13231 | B60: 39863 | C60: 40227 | D60: British Virgin Islands | E60: Client_185 | F60: D&O | G60: Energy | H60: USD | I60: 15000000 | J60: 20000000 | K60: Excess | L60: 130000 | M60: 0 | N60: 130000
A61: Policy_12471 | B61: 39864 | C61: 40229 | D61: United Kingdom | E61: Client_187 | F61: PI | G61: Consultancy | H61: GBP | I61: 5000000 | J61: 50000 | K61: Stand Alone | L61: 64295 | M61: 8036.875 | N61: 56258.125
A62: Policy_2916 | B62: 39448 | C62: 39903 | D62: Peru | E62: Client_189 | F62: D&O | G62: Mining | H62: USD | I62: 10000000 | J62: Nil | K62: Stand Alone | L62: 84098.36 | M62: 16819.67 | N62: 67278.69
A63: Policy_2869 | B63: 39460 | C63: 39826 | D63: Brazil | E63: Client_190 | F63: D&O | G63: Technology, Media, Telecomunications | H63: USD | I63: 15000000 | J63: Nil | K63: Primary | L63: 238424.66 | M63: 47684.93 | N63: 190739.73
A64: Policy_13934 | B64: 39868 | C64: 40232 | D64: United Kingdom | E64: Client_191 | F64: PI | G64: Property | H64: GBP | I64: 1120200 | J64: 5000 | K64: Stand Alone | L64: 1377.75 | M64: 0 | N64: 1377.75
A65: Policy_5051 | B65: 39448 | C65: 39859 | D65: Turks And Caicos Islands | E65: Client_193 | F65: D&O | G65: Entertainment, Leisure and Hospitality | H65: USD | I65: 10000000 | J65: Nil | K65: Stand Alone | L65: 27123.28 | M65: 5424.66 | N65: 21698.62
A66: Policy_17178 | B66: 39872 | C66: 40236 | D66: United Kingdom | E66: Client_196 | F66: PI | G66: Design and Construct | H66: GBP | I66: 20000000 | J66: 250000 | K66: Stand Alone | L66: 835000 | M66: 41750.017 | N66: 793249.98
A67: Policy_16165 | B67: 39416 | C67: 41242 | D67: Italy | E67: Client_203 | F67: D&O | G67: Utilities - water, gas, electricity | H67: USD | I67: 25000000 | J67: Nil | K67: Stand Alone | L67: 140000 | M67: 28000 | N67: 112000
A68: Policy_7064 | B68: 39448 | C68: 39813 | D68: Trinidad and Tobago | E68: Client_206 | F68: PI | G68: Legal Services - Solicitor | H68: USD | I68: 5000000 | J68: 25000 | K68: Stand Alone | L68: 45260 | M68: 11315 | N68: 33945
A69: Policy_20155 | B69: 39421 | C69: 39787 | D69: France | E69: Client_211 | F69: PI | G69: Architect | H69: USD | I69: 2000000 | J69: 100000 | K69: Stand Alone | L69: 32000 | M69: 7200 | N69: 24800
A70: Policy_8741 | B70: 39393 | C70: 39758 | D70: Italy | E70: Client_216 | F70: PI | G70: Transport | H70: EUR | I70: 40000000 | J70: 10000000 | K70: Excess | L70: 646830.99 | M70: 129366.2 | N70: 517464.79
A71: Policy_18261 | B71: 39461 | C71: 39826 | D71: Trinidad and Tobago | E71: Client_219 | F71: PI | G71: Architect | H71: TTD | I71: 5000000 | J71: 50000 | K71: Stand Alone | L71: 11961.72 | M71: 2990.43 | N71: 8971.29
A72: Policy_4403 | B72: 39845 | C72: 40298 | D72: Belgium | E72: Client_226 | F72: PI | G72: Engineering | H72: EUR | I72: 34000000 | J72: 16000000 | K72: Excess | L72: 337431.49 | M72: 84358.051 | N72: 253073.43
A73: Policy_17698 | B73: 39448 | C73: 39813 | D73: Denmark | E73: Client_230 | F73: PI | G73: Consultancy | H73: DKK | I73: 5000000 | J73: 25000 | K73: Stand Alone | L73: 8465.4378 | M73: 1693.0876 | N73: 6772.3502
A74: Policy_4940 | B74: 39887 | C74: 40237 | D74: United Kingdom | E74: Client_233 | F74: PI | G74: Design and Construct | H74: GBP | I74: 5000000 | J74: 250000 | K74: Primary | L74: 882853.85 | M74: 41494.139 | N74: 841359.71
A75: Policy_1728 | B75: 39387 | C75: 39752 | D75: Venezuela | E75: Client_234 | F75: D&O | G75: Energy | H75: USD | I75: 5000000 | J75: Nil | K75: Stand Alone | L75: 34500 | M75: 6900 | N75: 27600
A76: Policy_17514 | B76: 39887 | C76: 40237 | D76: United Kingdom | E76: Client_238 | F76: PI | G76: Design and Construct | H76: GBP | I76: 15000000 | J76: 5000000 | K76: Excess | L76: 453349.89 | M76: 21307.497 | N76: 432042.39
A77: Policy_19618 | B77: 39478 | C77: 39934 | D77: Saudi Arabia | E77: Client_239 | F77: PI | G77: Insurance Broker | H77: USD | I77: 1000000 | J77: 39000 | K77: Stand Alone | L77: 111523.13 | M77: 16728.474 | N77: 94794.661
A78: Policy_3086 | B78: 40299 | C78: 40663 | D78: Bahrain | E78: Client_241 | F78: PI | G78: Insurance Broker | H78: USD | I78: 1000000 | J78: 39000 | K78: Stand Alone | L78: 87000 | M78: 13050 | N78: 73950
A79: Policy_15051 | B79: 39873 | C79: 40237 | D79: United Kingdom | E79: Client_242 | F79: PI | G79: Design and Construct | H79: GBP | I79: 5000000 | J79: 150000 | K79: Primary | L79: 609550 | M79: 30477.5 | N79: 579072.5
A80: Policy_10976 | B80: 39448 | C80: 39814 | D80: Spain | E80: Client_250 | F80: D&O | G80: Medical Services | H80: EUR | I80: 5000000 | J80: 1000000 | K80: Excess | L80: 17993.662 | M80: 3598.7324 | N80: 14394.93
A81: Policy_17310 | B81: 39852 | C81: 40216 | D81: British Virgin Islands | E81: Client_252 | F81: D&O | G81: Property | H81: USD | I81: 10000000 | J81: 50000 | K81: Stand Alone | L81: 30000 | M81: 6000 | N81: 24000
A82: Policy_1330 | B82: 39506 | C82: 39872 | D82: Spain | E82: Client_254 | F82: D&O | G82: Pharmaceutical/Chemical | H82: EUR | I82: 30000000 | J82: Nil | K82: Stand Alone | L82: 14406.69 | M82: 1800.8363 | N82: 12605.854
A83: Policy_15212 | B83: 39904 | C83: 40237 | D83: United Kingdom | E83: Client_255 | F83: D&O | G83: Entertainment, Leisure and Hospitality | H83: GBP | I83: 15000000 | J83: Nil | K83: Primary | L83: 36675.939 | M83: 916.8968 | N83: 35759.042
A84: Policy_12007 | B84: 39499 | C84: 39813 | D84: Cayman Islands | E84: Client_267 | F84: D&O | G84: Administration Services | H84: USD | I84: 1000000 | J84: Nil | K84: Stand Alone | L84: 6024 | M84: 1204.8 | N84: 4819.2
A85: Policy_19778 | B85: 39873 | C85: 40237 | D85: United Kingdom | E85: Client_271 | F85: PI | G85: Property | H85: GBP | I85: 10000000 | J85: 10000000 | K85: Excess | L85: 35905 | M85: 0 | N85: 35905
A86: Policy_9837 | B86: 39481 | C86: 39846 | D86: Trinidad and Tobago | E86: Client_273 | F86: PI | G86: Legal Services - Solicitor | H86: USD | I86: 7500000 | J86: 20000 | K86: Stand Alone | L86: 23000 | M86: 5750 | N86: 17250
A87: Policy_5367 | B87: 39873 | C87: 40237 | D87: United Kingdom | E87: Client_276 | F87: PI | G87: Property | H87: GBP | I87: 20000000 | J87: 20000000 | K87: Excess | L87: 55110 | M87: 0 | N87: 55110
A88: Policy_3378 | B88: 39873 | C88: 40238 | D88: United States | E88: Client_278 | F88: PI | G88: Legal Services - Solicitor | H88: USD | I88: 10000000 | J88: 125000 | K88: Stand Alone | L88: 321399.79 | M88: 48750 | N88: 272649.79
A89: Policy_3389 | B89: 39904 | C89: 40269 | D89: United Arab Emirates | E89: Client_281 | F89: D&O | G89: Aviation | H89: USD | I89: 25000000 | J89: 100000 | K89: Primary | L89: 65000 | M89: 14625 | N89: 50375
A90: Policy_9685 | B90: 39874 | C90: 40239 | D90: Switzerland | E90: Client_285 | F90: PI | G90: Medical Services | H90: USD | I90: 2000000 | J90: 20000 | K90: Stand Alone | L90: 35000 | M90: 7000 | N90: 28000
A91: Policy_3241 | B91: 39873 | C91: 40238 | D91: United States | E91: Client_287 | F91: D&O | G91: Retail, Distribution and Wholesale | H91: USD | I91: 10000000 | J91: 10000000 | K91: Excess | L91: 165000 | M91: 12375 | N91: 152625
A92: Policy_11483 | B92: 39506 | C92: 39871 | D92: Turks And Caicos Islands | E92: Client_289 | F92: D&O | G92: Property | H92: USD | I92: 2000000 | J92: Nil | K92: Stand Alone | L92: 5000 | M92: 1125 | N92: 3875
A93: Policy_6223 | B93: 39387 | C93: 39752 | D93: United Kingdom | E93: Client_292 | F93: PI | G93: Utilities - water, gas, electricity | H93: GBP | I93: 5000000 | J93: 500000 | K93: Stand Alone | L93: 93667.678 | M93: 4683.3814 | N93: 88984.297
A94: Policy_17582 | B94: 39909 | C94: 40274 | D94: United States | E94: Client_293 | F94: PI | G94: Legal Services - Solicitor | H94: USD | I94: 5000000 | J94: 100000 | K94: Stand Alone | L94: 151233 | M94: 31280.99 | N94: 119952.01
A95: Policy_17784 | B95: 39501 | C95: 39867 | D95: Italy | E95: Client_294 | F95: D&O | G95: Technology, Media, Telecomunications | H95: EUR | I95: 5000000 | J95: Nil | K95: Stand Alone | L95: 4725.5355 | M95: 1417.6536 | N95: 3307.8819
A96: Policy_4239 | B96: 39876 | C96: 40274 | D96: Iceland | E96: Client_296 | F96: D&O | G96: Utilities - water, gas, electricity | H96: USD | I96: 5000000 | J96: 75000 | K96: Stand Alone | L96: 17953.382 | M96: 0 | N96: 17953.382
A97: Policy_2031 | B97: 39995 | C97: 40359 | D97: United Kingdom | E97: Client_298 | F97: PI | G97: Engineering | H97: GBP | I97: 2000000 | J97: Nil | K97: Stand Alone | L97: 20875 | M97: 4175 | N97: 16700
A98: Policy_14061 | B98: 39885 | C98: 42418 | D98: United States | E98: Client_300 | F98: D&O | G98: Manufacturing | H98: USD | I98: 5000000 | J98: 10000000 | K98: Excess | L98: 122718.45 | M98: 19006.37 | N98: 103712.08
A99: Policy_7786 | B99: 39583 | C99: 39859 | D99: Brazil | E99: Client_301 | F99: D&O | G99: Utilities - water, gas, electricity | H99: USD | I99: 26662148 | J99: Nil | K99: Stand Alone | L99: 100425.53 | M99: 20085.11 | N99: 80340.42
A100: Policy_16451 | B100: 39887 | C100: 40252 | D100: Switzerland | E100: Client_303 | F100: Crime; D&O; PI | G100: Medical Services | H100: USD | I100: 25000000 | J100: 50000 | K100: Stand Alone | L100: 178500 | M100: 44625 | N100: 133875
...

Sheet Claims data (Reinsurance - GL)
B3: Claim ID | C3: Loss date | D3: Loss Year | E3: Policy year | F3: Type | G3: 2004 | H3: 2005 | I3: 2006 | J3: 2007 | K3: 2008 | L3: 2009 | M3: 2010 | N3: 2011
B4: 210245 | C4: 38171 | D4: 2004 | F4: Paid | G4: 0 | H4: 0 | I4: 300300.42 | J4: 300300.42 | K4: 300300.42 | L4: 720261.26 | M4: 720261.26 | N4: 720261.26
B5: 210245 | C5: 38171 | D5: 2004 | F5: O/S | G5: 4050000 | H5: 2500000 | I5: 469699.58 | J5: 413577.92 | K5: 419960.84 | L5: 0 | M5: 0 | N5: 0
B6: 210245 | C6: 38171 | D6: 2004 | F6: Incurred | G6: 4050000 | H6: 2500000 | I6: 770000 | J6: 713878.34 | K6: 720261.26 | L6: 720261.26 | M6: 720261.26 | N6: 720261.26
B7: 211136 | C7: 38172 | D7: 2004 | F7: Paid | G7: 0 | H7: 0 | I7: 0 | J7: 0 | K7: 0 | L7: 0 | M7: 0 | N7: 0
B8: 211136 | C8: 38172 | D8: 2004 | F8: O/S | G8: 190000 | H8: 140000 | I8: 140000 | J8: 0 | K8: 0 | L8: 0 | M8: 0 | N8: 0
B9: 211136 | C9: 38172 | D9: 2004 | F9: Incurred | G9: 190000 | H9: 140000 | I9: 140000 | J9: 0 | K9: 0 | L9: 0 | M9: 0 | N9: 0
B10: 211219 | C10: 38171 | D10: 2004 | F10: Paid | G10: 0 | H10: 0 | I10: 0 | J10: 0 | K10: 0 | L10: 0 | M10: 0 | N10: 0
B11: 211219 | C11: 38171 | D11: 2004 | F11: O/S | G11: 0 | H11: 0 | I11: 0 | J11: 0 | K11: 0 | L11: 0 | M11: 0 | N11: 0
B12: 211219 | C12: 38171 | D12: 2004 | F12: Incurred | G12: 0 | H12: 0 | I12: 0 | J12: 0 | K12: 0 | L12: 0 | M12: 0 | N12: 0
B13: 213033 | C13: 38169 | D13: 2004 | F13: Paid | G13: 0 | H13: 0 | I13: 0 | J13: 0 | K13: 0 | L13: 0 | M13: 0 | N13: 0
B14: 213033 | C14: 38169 | D14: 2004 | F14: O/S | G14: 0 | H14: 0 | I14: 0 | J14: 0 | K14: 0 | L14: 0 | M14: 0 | N14: 0
B15: 213033 | C15: 38169 | D15: 2004 | F15: Incurred | G15: 0 | H15: 0 | I15: 0 | J15: 0 | K15: 0 | L15: 0 | M15: 0 | N15: 0
... B66: 240234 | C66: 38214 | D66: 2004 | F66: Incurred | G66: 0 | H66: 0 | I66: 0 | J66: 0 | K66: 0 | L66: 0 | M66: 0 | N66: 0
B67: 244962 | C67: 38219 | D67: 2004 | F67: Paid | H67: 0 | I67: 0 | J67: 0 | K67: 0 | L67: 58809.13 | M67: 58809.13 | N67: 58809.13
B68: 244962 | C68: 38219 | D68: 2004 | F68: O/S | H68: 10000 | I68: 10000 | J68: 0 | K68: 60000 | L68: 0 | M68: 0 | N68: 0
B69: 244962 | C69: 38219 | D69: 2004 | F69: Incurred | G69: =SUM(G67:G68) -> 0 | H69: =SUM(H67:H68) -> 10000 | I69: =SUM(I67:I68) -> 10000 | J69: =SUM(J67:J68) -> 0 | K69: =SUM(K67:K68) -> 60000 | L69: =SUM(L67:L68) -> 58809.13 | M69: =SUM(M67:M68) -> 58809.13 | N69: =SUM(N67:N68) -> 58809.13
B70: 251322 | C70: 38207 | D70: 2004 | F70: Paid | G70: 2027.63 | H70: 2027.63 | I70: 2027.63 | J70: 2027.63 | K70: 2027.63 | L70: 2027.63 | M70: 2027.63 | N70: 2027.63
B71: 251322 | C71: 38207 | D71: 2004 | F71: O/S | G71: 0 | H71: 0 | I71: 0 | J71: 0 | K71: 0 | L71: 0 | M71: 0 | N71: 0
B72: 251322 | C72: 38207 | D72: 2004 | F72: Incurred | G72: =SUM(G70:G71) -> 2027.63 | H72: =SUM(H70:H71) -> 2027.63 | I72: =SUM(I70:I71) -> 2027.63 | J72: =SUM(J70:J71) -> 2027.63 | K72: =SUM(K70:K71) -> 2027.63 | L72: =SUM(L70:L71) -> 2027.63 | M72: =SUM(M70:M71) -> 2027.63 | N72: =SUM(N70:N71) -> 2027.63
B73: 251355 | C73: 38178 | D73: 2004 | F73: Paid | G73: 2585.81 | H73: 2585.81 | I73: 2585.81 | J73: 2585.81 | K73: 2585.81 | L73: 2585.81 | M73: 2585.81 | N73: 2585.81
B74: 251355 | C74: 38178 | D74: 2004 | F74: O/S | G74: 0 | H74: 0 | I74: 0 | J74: 0 | K74: 0 | L74: 0 | M74: 0 | N74: 0
B75: 251355 | C75: 38178 | D75: 2004 | F75: Incurred | G75: =SUM(G73:G74) -> 2585.81 | H75: =SUM(H73:H74) -> 2585.81 | I75: =SUM(I73:I74) -> 2585.81 | J75: =SUM(J73:J74) -> 2585.81 | K75: =SUM(K73:K74) -> 2585.81 | L75: =SUM(L73:L74) -> 2585.81 | M75: =SUM(M73:M74) -> 2585.81 | N75: =SUM(N73:N74) -> 2585.81
B76: 253344 | C76: 38225 | D76: 2004 | F76: Paid | G76: 0 | H76: 0 | I76: 0 | J76: 0 | K76: 130000 | L76: 130000 | M76: 396094 | N76: 396094
B77: 253344 | C77: 38225 | D77: 2004 | F77: O/S | G77: 1375000 | H77: 1475000 | I77: 1475000 | J77: 1475000 | K77: 1345000 | L77: 1345000 | M77: 0.01 | N77: 0.01
B78: 253344 | C78: 38225 | D78: 2004 | F78: Incurred | G78: =SUM(G76:G77) -> 1375000 | H78: =SUM(H76:H77) -> 1475000 | I78: =SUM(I76:I77) -> 1475000 | J78: =SUM(J76:J77) -> 1475000 | K78: =SUM(K76:K77) -> 1475000 | L78: =SUM(L76:L77) -> 1475000 | M78: =SUM(M76:M77) -> 396094.01 | N78: =SUM(N76:N77) -> 396094.01
B79: 254201 | C79: 38224 | D79: 2004 | F79: Paid | G79: 0 | H79: 0 | I79: 0 | J79: 0 | K79: 0 | L79: 0 | M79: 0 | N79: 0
B80: 254201 | C80: 38224 | D80: 2004 | F80: O/S | G80: 0 | H80: 0 | I80: 0 | J80: 0 | K80: 0 | L80: 0 | M80: 0 | N80: 0
B81: 254201 | C81: 38224 | D81: 2004 | F81: Incurred | G81: =SUM(G79:G80) -> 0 | H81: =SUM(H79:H80) -> 0 | I81: =SUM(I79:I80) -> 0 | J81: =SUM(J79:J80) -> 0 | K81: =SUM(K79:K80) -> 0 | L81: =SUM(L79:L80) -> 0 | M81: =SUM(M79:M80) -> 0 | N81: =SUM(N79:N80) -> 0
B82: 254474 | C82: 38212 | D82: 2004 | F82: Paid | G82: 0 | H82: 0 | I82: 0 | J82: 0 | K82: 0 | L82: 0 | M82: 0 | N82: 0
B83: 254474 | C83: 38212 | D83: 2004 | F83: O/S | G83: 55000 | H83: 60000 | I83: 60000 | J83: 0 | K83: 0 | L83: 0 | M83: 0 | N83: 0
B84: 254474 | C84: 38212 | D84: 2004 | F84: Incurred | G84: =SUM(G82:G83) -> 55000 | H84: =SUM(H82:H83) -> 60000 | I84: =SUM(I82:I83) -> 60000 | J84: =SUM(J82:J83) -> 0 | K84: =SUM(K82:K83) -> 0 | L84: =SUM(L82:L83) -> 0 | M84: =SUM(M82:M83) -> 0 | N84: =SUM(N82:N83) -> 0
B85: 254581 | C85: 38201 | D85: 2004 | F85: Paid | G85: 2584.53 | H85: 2584.53 | I85: 2584.53 | J85: 2584.53 | K85: 2584.53 | L85: 2584.53 | M85: 2584.53 | N85: 2584.53
B86: 254581 | C86: 38201 | D86: 2004 | F86: O/S | G86: 0.23 | H86: 0.23 | I86: 0.23 | J86: 0.23 | K86: 0.23 | L86: 0.23 | M86: 0.23 | N86: 0.23
B87: 254581 | C87: 38201 | D87: 2004 | F87: Incurred | G87: =SUM(G85:G86) -> 2584.76 | H87: =SUM(H85:H86) -> 2584.76 | I87: =SUM(I85:I86) -> 2584.76 | J87: =SUM(J85:J86) -> 2584.76 | K87: =SUM(K85:K86) -> 2584.76 | L87: =SUM(L85:L86) -> 2584.76 | M87: =SUM(M85:M86) -> 2584.76 | N87: =SUM(N85:N86) -> 2584.76
B88: 257410 | C88: 38231 | D88: 2004 | F88: Paid | G88: 0 | H88: 0 | I88: 0 | J88: 0 | K88: 0 | L88: 0 | M88: 0 | N88: 0
B89: 257410 | C89: 38231 | D89: 2004 | F89: O/S | G89: 0 | H89: 0 | I89: 0 | J89: 0 | K89: 0 | L89: 0 | M89: 0 | N89: 0
B90: 257410 | C90: 38231 | D90: 2004 | F90: Incurred | G90: 569.23 | H90: 2929.38 | I90: 2929.38 | J90: 2929.38 | K90: 2929.38 | L90: 2929.38 | M90: 2929.38 | N90: 2929.38
B91: 259119 | C91: 38228 | D91: 2004 | F91: Paid | G91: 0 | H91: 0 | I91: 8578.45 | J91: 8578.45 | K91: 8578.45 | L91: 8578.45 | M91: 8578.45 | N91: 8578.45
B92: 259119 | C92: 38228 | D92: 2004 | F92: O/S | G92: 425000 | H92: 425000 | I92: 0 | J92: 0 | K92: 0 | L92: 0 | M92: 0 | N92: 0
B93: 259119 | C93: 38228 | D93: 2004 | F93: Incurred | G93: 425000 | H93: 435849.94 | I93: 39692.33 | J93: 44619.83 | K93: 44619.83 | L93: 44619.83 | M93: 44619.83 | N93: 44619.83
B94: 262923 | C94: 38235 | D94: 2004 | F94: Paid | G94: 0 | H94: 0 | I94: 0 | J94: 0 | K94: 0 | L94: 0 | M94: 0 | N94: 0
B95: 262923 | C95: 38235 | D95: 2004 | F95: O/S | G95: 96000 | H95: 30000 | I95: 0 | J95: 0 | K95: 0 | L95: 0 | M95: 0 | N95: 0
B96: 262923 | C96: 38235 | D96: 2004 | F96: Incurred | G96: 96000 | H96: 70605.08 | I96: 41005.59 | J96: 42168.09 | K96: 42168.09 | L96: 42168.09 | M96: 42168.09 | N96: 42168.09
B97: 263459 | C97: 38230 | D97: 2004 | F97: Paid | G97: 0 | H97: 0 | I97: 1210.77 | J97: 4758.15 | K97: 4758.15 | L97: 4758.15 | M97: 4758.15 | N97: 4758.15
B98: 263459 | C98: 38230 | D98: 2004 | F98: O/S | G98: 150000 | H98: 75000 | I98: 73789.23 | J98: 0 | K98: 0 | L98: 0 | M98: 0 | N98: 0
B99: 263459 | C99: 38230 | D99: 2004 | F99: Incurred | G99: 150151.03 | H99: 114897.52 | I99: 114897.52 | J99: 44655.67 | K99: 53983.74 | L99: 53983.74 | M99: 53983.74 | N99: 53983.74
... B111: 266619 | C111: 38232 | D111: 2004 | F111: Incurred | G111: 1397.99 | H111: 1397.99 | I111: 1397.99 | J111: 1397.99 | K111: 1397.99 | L111: 1397.99 | M111: 1397.99 | N111: 1397.99
B112: 266783 | C112: 38235 | D112: 2004 | F112: Paid | H112: 0 | I112: 0 | J112: 0 | K112: 0 | L112: 0 | M112: 0 | N112: 0
B113: 266783 | C113: 38235 | D113: 2004 | F113: O/S | H113: 0 | I113: 0 | J113: 0 | K113: 0 | L113: 0 | M113: 0 | N113: 0
B114: 266783 | C114: 38235 | D114: 2004 | F114: Incurred | H114: 6107.65 | I114: 7062.1 | J114: 7062.1 | K114: 7062.1 | L114: 7062.1 | M114: 7062.1 | N114: 7062.1
B115: 271528 | C115: 38239 | D115: 2004 | F115: Paid | H115: 0 | I115: 0 | J115: 0 | K115: 0 | L115: 0 | M115: 0 | N115: 0
B116: 271528 | C116: 38239 | D116: 2004 | F116: O/S | H116: 0 | I116: 0 | J116: 0 | K116: 0 | L116: 0 | M116: 0 | N116: 0
B117: 271528 | C117: 38239 | D117: 2004 | F117: Incurred | H117: 51885.06 | I117: 52132.22 | J117: 52132.22 | K117: 52132.22 | L117: 52132.22 | M117: 52132.22 | N117: 52132.22
B118: 272666 | C118: 38190 | D118: 2004 | F118: Paid | G118: 1184.69 | H118: 1184.69 | I118: 1184.69 | J118: 1184.69 | K118: 1184.69 | L118: 1184.69 | M118: 1184.69 | N118: 1184.69
B119: 272666 | C119: 38190 | D119: 2004 | F119: O/S | G119: 0 | H119: 0 | I119: 0 | J119: 0 | K119: 0 | L119: 0 | M119: 0 | N119: 0
B120: 272666 | C120: 38190 | D120: 2004 | F120: Incurred | G120: 1184.69 | H120: 1184.69 | I120: 1184.69 | J120: 1184.69 | K120: 1184.69 | L120: 1184.69 | M120: 1184.69 | N120: 1184.69
B121: 273599 | C121: 38214 | D121: 2004 | F121: Paid | G121: 0 | H121: 2171.91 | I121: 2171.91 | J121: 2171.91 | K121: 2171.91 | L121: 2171.91 | M121: 2171.91 | N121: 2171.91
B122: 273599 | C122: 38214 | D122: 2004 | F122: O/S | G122: 2171.91 | H122: 0 | I122: 0 | J122: 0 | K122: 0 | L122: 0 | M122: 0 | N122: 0
B123: 273599 | C123: 38214 | D123: 2004 | F123: Incurred | G123: 2171.91 | H123: 2171.91 | I123: 2171.91 | J123: 2171.91 | K123: 2171.91 | L123: 2171.91 | M123: 2171.91 | N123: 2171.91
B124: 273615 | C124: 38218 | D124: 2004 | F124: Paid | G124: 1188.47 | H124: 1188.47 | I124: 1188.47 | J124: 1188.47 | K124: 1188.47 | L124: 1188.47 | M124: 1188.47 | N124: 1188.47
B125: 273615 | C125: 38218 | D125: 2004 | F125: O/S | G125: 0.01 | H125: 0.01 | I125: 0.01 | J125: 0.01 | K125: 0.01 | L125: 0.01 | M125: 0.01 | N125: 0.01
B126: 273615 | C126: 38218 | D126: 2004 | F126: Incurred | G126: 1188.48 | H126: 1188.48 | I126: 1188.48 | J126: 1188.48 | K126: 1188.48 | L126: 1188.48 | M126: 1188.48 | N126: 1188.48
B127: 273623 | C127: 38217 | D127: 2004 | F127: Paid | G127: 2320.08 | H127: 2320.08 | I127: 2320.08 | J127: 2320.08 | K127: 2320.08 | L127: 2320.08 | M127: 2320.08 | N127: 2320.08
B128: 273623 | C128: 38217 | D128: 2004 | F128: O/S | G128: 0.39 | H128: 0.39 | I128: 0.39 | J128: 0.39 | K128: 0.39 | L128: 0.39 | M128: 0.39 | N128: 0.39
B129: 273623 | C129: 38217 | D129: 2004 | F129: Incurred | G129: 2320.47 | H129: 2320.47 | I129: 2320.47 | J129: 2320.47 | K129: 2320.47 | L129: 2320.47 | M129: 2320.47 | N129: 2320.47
B130: 273649 | C130: 38235 | D130: 2004 | F130: Paid | H130: 0 | I130: 0 | J130: 0 | K130: 0 | L130: 0 | M130: 0 | N130: 0
B131: 273649 | C131: 38235 | D131: 2004 | F131: O/S | H131: 0 | I131: 0 | J131: 0 | K131: 0 | L131: 0 | M131: 0 | N131: 0
B132: 273649 | C132: 38235 | D132: 2004 | F132: Incurred | H132: 2717.31 | I132: 2717.31 | J132: 2717.31 | K132: 2717.31 | L132: 2717.31 | M132: 2717.31 | N132: 2717.31
B133: 278283 | C133: 38245 | D133: 2004 | F133: Paid | G133: 0 | H133: 0 | I133: 0 | J133: 0 | K133: 0 | L133: 0 | M133: 0 | N133: 0
B134: 278283 | C134: 38245 | D134: 2004 | F134: O/S | G134: 1125000 | H134: 0 | I134: 0 | J134: 0 | K134: 0 | L134: 0 | M134: 0 | N134: 0
B135: 278283 | C135: 38245 | D135: 2004 | F135: Incurred | G135: 1125000 | H135: 70942.77 | I135: 71711.26 | J135: 73745.3 | K135: 73745.3 | L135: 73745.3 | M135: 73745.3 | N135: 73745.3
B136: 279976 | C136: 38247 | D136: 2004 | F136: Paid | G136: 0 | H136: 0 | I136: 19000 | J136: 19000 | K136: 58676.37 | L136: 58676.37 | M136: 58676.37 | N136: 58676.37
B137: 279976 | C137: 38247 | D137: 2004 | F137: O/S | G137: 96000 | H137: 96000 | I137: 77000 | J137: 39676.37 | K137: 0 | L137: 0 | M137: 0 | N137: 0
B138: 279976 | C138: 38247 | D138: 2004 | F138: Incurred | G138: 96000 | H138: 108307.97 | I138: 149354.14 | J138: 112030.51 | K138: 121149.01 | L138: 121149.01 | M138: 121149.01 | N138: 121149.01
B139: 285502 | C139: 38205 | D139: 2004 | F139: Paid | G139: 1499.25 | H139: 1499.25 | I139: 1499.25 | J139: 1499.25 | K139: 1499.25 | L139: 1499.25 | M139: 1499.25 | N139: 1499.25
B140: 285502 | C140: 38205 | D140: 2004 | F140: O/S | G140: 0 | H140: 0 | I140: 0 | J140: 0 | K140: 0 | L140: 0 | M140: 0 | N140: 0
B141: 285502 | C141: 38205 | D141: 2004 | F141: Incurred | G141: 1499.25 | H141: 1499.25 | I141: 1499.25 | J141: 1499.25 | K141: 1499.25 | L141: 1499.25 | M141: 1499.25 | N141: 1499.25
B142: 289686 | C142: 38253 | D142: 2004 | F142: Paid | G142: 0 | H142: 0 | I142: 0 | J142: 0 | K142: 0 | L142: 0 | M142: 0 | N142: 0
B143: 289686 | C143: 38253 | D143: 2004 | F143: O/S | G143: 80716 | H143: 80716 | I143: 64758.15 | J143: 0 | K143: 0 | L143: 0 | M143: 0 | N143: 0
B144: 289686 | C144: 38253 | D144: 2004 | F144: Incurred | G144: 80716 | H144: 90943.86 | I144: 74986.01 | J144: 10227.86 | K144: 10227.86 | L144: 10227.86 | M144: 10227.86 | N144: 10227.86
... B150: 291286 | C150: 38237 | D150: 2004 | F150: Incurred | G150: 1960.76 | H150: 236.09 | I150: 236.09 | J150: 236.09 | K150: 236.09 | L150: 236.09 | M150: 236.09 | N150: 236.09
B151: 291674 | C151: 38254 | D151: 2004 | F151: Paid | H151: 0 | I151: 0 | J151: 0 | K151: 0 | L151: 0 | M151: 0 | N151: 0
B152: 291674 | C152: 38254 | D152: 2004 | F152: O/S | H152: 0 | I152: 0 | J152: 0 | K152: 0 | L152: 0 | M152: 0 | N152: 0
B153: 291674 | C153: 38254 | D153: 2004 | F153: Incurred | H153: 2658.66 | I153: 2658.66 | J153: 2658.66 | K153: 2658.66 | L153: 2658.66 | M153: 2658.66 | N153: 2658.66
B154: 293381 | C154: 38257 | D154: 2004 | F154: Paid | H154: 0 | I154: 0 | J154: 0 | K154: 0 | L154: 0 | M154: 0 | N154: 0
B155: 293381 | C155: 38257 | D155: 2004 | F155: O/S | H155: 0 | I155: 0 | J155: 0 | K155: 0 | L155: 0 | M155: 0 | N155: 0
B156: 293381 | C156: 38257 | D156: 2004 | F156: Incurred | H156: 37281.76 | I156: 44233.28 | J156: 44233.28 | K156: 44233.28 | L156: 44233.28 | M156: 44233.28 | N156: 44233.28
B157: 294876 | C157: 38241 | D157: 2004 | F157: Paid | G157: 0 | H157: 443.46 | I157: 443.46 | J157: 443.46 | K157: 443.46 | L157: 443.46 | M157: 443.46 | N157: 443.46
B158: 294876 | C158: 38241 | D158: 2004 | F158: O/S | G158: 443.45 | H158: 0 | I158: 0 | J158: 0 | K158: 0 | L158: 0 | M158: 0 | N158: 0
B159: 294876 | C159: 38241 | D159: 2004 | F159: Incurred | G159: 443.45 | H159: 443.45 | I159: 443.45 | J159: 443.45 | K159: 443.45 | L159: 443.45 | M159: 443.45 | N159: 443.45
B160: 299156 | C160: 38216 | D160: 2004 | F160: Paid | G160: 2027.63 | H160: 2027.63 | I160: 2027.63 | J160: 2027.63 | K160: 2027.63 | L160: 2027.63 | M160: 2027.63 | N160: 2027.63
B161: 299156 | C161: 38216 | D161: 2004 | F161: O/S | G161: 0 | H161: 0 | I161: 0 | J161: 0 | K161: 0 | L161: 0 | M161: 0 | N161: 0
B162: 299156 | C162: 38216 | D162: 2004 | F162: Incurred | G162: 2027.63 | H162: 2027.63 | I162: 2027.63 | J162: 2027.63 | K162: 2027.63 | L162: 2027.63 | M162: 2027.63 | N162: 2027.63
B163: 299800 | C163: 38224 | D163: 2004 | F163: Paid | G163: 0 | H163: 1186.67 | I163: 1186.67 | J163: 1186.67 | K163: 1186.67 | L163: 1186.67 | M163: 1186.67 | N163: 1186.67
B164: 299800 | C164: 38224 | D164: 2004 | F164: O/S | G164: 1699.99 | H164: 0 | I164: 0 | J164: 0 | K164: 0 | L164: 0 | M164: 0 | N164: 0
B165: 299800 | C165: 38224 | D165: 2004 | F165: Incurred | G165: 1699.99 | H165: 1186.67 | I165: 1186.67 | J165: 1186.67 | K165: 1186.67 | L165: 1186.67 | M165: 1186.67 | N165: 1186.67
B166: 302240 | C166: 38214 | D166: 2004 | F166: Paid | G166: 2584.88 | H166: 2584.88 | I166: 2584.88 | J166: 2584.88 | K166: 2584.88 | L166: 2584.88 | M166: 2584.88 | N166: 2584.88
B167: 302240 | C167: 38214 | D167: 2004 | F167: O/S | G167: 0 | H167: 0 | I167: 0 | J167: 0 | K167: 0 | L167: 0 | M167: 0 | N167: 0
B168: 302240 | C168: 38214 | D168: 2004 | F168: Incurred | G168: 2584.88 | H168: 2584.88 | I168: 2584.88 | J168: 2584.88 | K168: 2584.88 | L168: 2584.88 | M168: 2584.88 | N168: 2584.88
...

Sheet Claims data (PL)
D2: ASSUMPTIONS
C3: Data as-at date | D3: 41973
C4: Policy inception month | D4: 4
C5: Revalue at | D5: 42278
C6: Claims inflation | D6: 0.05
C7: Destination currency | D7: GBP
C8: Exchange rate | D8: 1
C9: EEL (£) | D9: 100000
C10: Limit (£) | D10: 5000000 | Q10: =SUM(Q13:Q1730) -> 22537551
C11: AAD (£) | D11: 2500000 | AC11: =SUM(AC13:AC1730) -> 0 | AD11: =SUM(AD13:AD1730) -> 0
A12: Claim ID | B12: Claimant Name | C12: Class of Business | D12: Loss date | E12: Reporting date | F12: Policy Year | G12: Claim description | H12: Currency | I12: Paid | J12: Outstanding | K12: Total incurred | L12: Fees | M12: Recoveries | N12: Overall amount | O12: Non-zero? (1=Yes) | P12: Overall (destination currency) | Q12: Overall amount (revalued) | R12: Retained | S12: Ceded | T12: Delay (days) | U12: Claim Status | V12: Exposure
A13: Claim_1 | B13: Name_1 | C13: Public Liability Bodily Injury | D13: 40195 | E13: 40561 | F13: =IF(MONTH(D13)<$D$4,YEAR(D13)-1,YEAR(D13)) -> 2009 | G13: Contact With | H13: GBP | I13: 17056.23 | J13: 0 | K13: 17056.23 | L13: 0 | M13: 0 | N13: 17056.23 | O13: =IF(N13=0,0,1) -> 1 | P13: =N13*$D$8 -> 17056.23 | Q13: =P13*(1+$D$6)^(($D$5-D13)/365.25) -> 22528.092 | R13: =MIN($D$9,Q13)+MAX(Q13-$D$9-$D$10,0) -> 22528.092 | S13: =MIN(MAX(Q13-$D$9,0),$D$10) -> 0 | T13: =E13-D13 -> 366 | U13: Closed | V13: =VLOOKUP(F13,'Exposure data (PL)'!$J$3:$L$14,3,FALSE) -> 855.15321
A14: Claim_2 | B14: Name_2 | C14: Public Liability Bodily Injury | D14: 39144 | E14: 39195 | F14: =IF(MONTH(D14)<$D$4,YEAR(D14)-1,YEAR(D14)) -> 2006 | G14: Slip,Trip Or Fall-Same Level | H14: GBP | I14: 27297.096 | J14: 0 | K14: 27297.096 | L14: 0 | M14: 0 | N14: 27297.096 | O14: =IF(N14=0,0,1) -> 1 | P14: =N14*$D$8 -> 27297.096 | Q14: =P14*(1+$D$6)^(($D$5-D14)/365.25) -> 41488.68 | R14: =MIN($D$9,Q14)+MAX(Q14-$D$9-$D$10,0) -> 41488.68 | S14: =MIN(MAX(Q14-$D$9,0),$D$10) -> 0 | T14: =E14-D14 -> 51 | U14: Closed | V14: =VLOOKUP(F14,'Exposure data (PL)'!$J$3:$L$14,3,FALSE) -> 543.66953
A15: Claim_3 | B15: Name_3 | C15: Public Liability Bodily Injury | D15: 39268 | E15: 39622 | F15: =IF(MONTH(D15)<$D$4,YEAR(D15)-1,YEAR(D15)) -> 2007 | G15: Slip,Trip Or Fall-Elevated Surfaces | H15: GBP | I15: 2230.5459 | J15: 0 | K15: 2230.5459 | L15: 0 | M15: 0 | N15: 2230.5459 | O15: =IF(N15=0,0,1) -> 1 | P15: =N15*$D$8 -> 2230.5459 | Q15: =P15*(1+$D$6)^(($D$5-D15)/365.25) -> 3334.5 | R15: =MIN($D$9,Q15)+MAX(Q15-$D$9-$D$10,0) -> 3334.5 | S15: =MIN(MAX(Q15-$D$9,0),$D$10) -> 0 | T15: =E15-D15 -> 354 | U15: Closed | V15: =VLOOKUP(F15,'Exposure data (PL)'!$J$3:$L$14,3,FALSE) -> 616.17084
A16: Claim_4 | B16: Name_4 | C16: Public Liability Bodily Injury | D16: 39605 | E16: 40201 | F16: =IF(MONTH(D16)<$D$4,YEAR(D16)-1,YEAR(D16)) -> 2008 | G16: Slip,Trip Or Fall-Same Level | H16: GBP | I16: 13516.419 | J16: 0 | K16: 13516.419 | L16: 0 | M16: 1189.4449 | N16: 12326.974 | O16: =IF(N16=0,0,1) -> 1 | P16: =N16*$D$8 -> 12326.974 | Q16: =P16*(1+$D$6)^(($D$5-D16)/365.25) -> 17616.743 | R16: =MIN($D$9,Q16)+MAX(Q16-$D$9-$D$10,0) -> 17616.743 | S16: =MIN(MAX(Q16-$D$9,0),$D$10) -> 0 | T16: =E16-D16 -> 596 | U16: Closed | V16: =VLOOKUP(F16,'Exposure data (PL)'!$J$3:$L$14,3,FALSE) -> 677.15217
A17: Claim_5 | B17: Name_5 | C17: Public Liability Bodily Injury | D17: 40344 | E17: 40348 | F17: =IF(MONTH(D17)<$D$4,YEAR(D17)-1,YEAR(D17)) -> 2010 | G17: Caught Between Moving Objects | H17: GBP | I17: 873.50459 | J17: 0 | K17: 873.50459 | L17: 0 | M17: 0 | N17: 873.50459 | O17: =IF(N17=0,0,1) -> 1 | P17: =N17*$D$8 -> 873.50459 | Q17: =P17*(1+$D$6)^(($D$5-D17)/365.25) -> 1131 | R17: =MIN($D$9,Q17)+MAX(Q17-$D$9-$D$10,0) -> 1131 | S17: =MIN(MAX(Q17-$D$9,0),$D$10) -> 0 | T17: =E17-D17 -> 4 | U17: Closed | V17: =VLOOKUP(F17,'Exposure data (PL)'!$J$3:$L$14,3,FALSE) -> 941.64068
A18: Claim_6 | B18: Name_6 | C18: Public Liability Bodily Injury | D18: 39284 | E18: 39691 | F18: =IF(MONTH(D18)<$D$4,YEAR(D18)-1,YEAR(D18)) -> 2007 | G18: Slip,Trip Or Fall-Same Level | H18: GBP | I18: 866.10894 | J18: 0 | K18: 866.10894 | L18: 0 | M18: 0 | N18: 866.10894 | O18: =IF(N18=0,0,1) -> 1 | P18: =N18*$D$8 -> 866.10894 | Q18: =P18*(1+$D$6)^(($D$5-D18)/365.25) -> 1292.004 | R18: =MIN($D$9,Q18)+MAX(Q18-$D$9-$D$10,0) -> 1292.004 | S18: =MIN(MAX(Q18-$D$9,0),$D$10) -> 0 | T18: =E18-D18 -> 407 | U18: Closed | V18: =VLOOKUP(F18,'Exposure data (PL)'!$J$3:$L$14,3,FALSE) -> 616.17084
A19: Claim_7 | B19: Name_7 | C19: Public Liability Bodily Injury | D19: 40055 | E19: 40111 | F19: =IF(MONTH(D19)<$D$4,YEAR(D19)-1,YEAR(D19)) -> 2009 | G19: Slip,Trip Or Fall-Same Level | H19: GBP | I19: 413.74811 | J19: 0 | K19: 413.74811 | L19: 0 | M19: 0 | N19: 413.74811 | O19: =IF(N19=0,0,1) -> 1 | P19: =N19*$D$8 -> 413.74811 | Q19: =P19*(1+$D$6)^(($D$5-D19)/365.25) -> 556.8 | R19: =MIN($D$9,Q19)+MAX(Q19-$D$9-$D$10,0) -> 556.8 | S19: =MIN(MAX(Q19-$D$9,0),$D$10) -> 0 | T19: =E19-D19 -> 56 | U19: Closed | V19: =VLOOKUP(F19,'Exposure data (PL)'!$J$3:$L$14,3,FALSE) -> 855.15321
A20: Claim_8 | B20: Name_8 | C20: Public Liability Bodily Injury | D20: 39298 | E20: 39487 | F20: =IF(MONTH(D20)<$D$4,YEAR(D20)-1,YEAR(D20)) -> 2007 | G20: Caught Between Moving Objects | H20: GBP | I20: 38016.942 | J20: 0 | K20: 38016.942 | L20: 0 | M20: 0 | N20: 38016.942 | O20: =IF(N20=0,0,1) -> 1 | P20: =N20*$D$8 -> 38016.942 | Q20: =P20*(1+$D$6)^(($D$5-D20)/365.25) -> 56605.2 | R20: =MIN($D$9,Q20)+MAX(Q20-$D$9-$D$10,0) -> 56605.2 | S20: =MIN(MAX(Q20-$D$9,0),$D$10) -> 0 | T20: =E20-D20 -> 189 | U20: Closed | V20: =VLOOKUP(F20,'Exposure data (PL)'!$J$3:$L$14,3,FALSE) -> 616.17084
A21: Claim_9 | B21: Name_9 | C21: Public Liability Bodily Injury | D21: 39937 | E21: 39959 | F21: =IF(MONTH(D21)<$D$4,YEAR(D21)-1,YEAR(D21)) -> 2009 | G21: Slip,Trip Or Fall-Same Level | H21: GBP | I21: 674.55344 | J21: 0 | K21: 674.55344 | L21: 0 | M21: 0 | N21: 674.55344 | O21: =IF(N21=0,0,1) -> 1 | P21: =N21*$D$8 -> 674.55344 | Q21: =P21*(1+$D$6)^(($D$5-D21)/365.25) -> 922.2 | R21: =MIN($D$9,Q21)+MAX(Q21-$D$9-$D$10,0) -> 922.2 | S21: =MIN(MAX(Q21-$D$9,0),$D$10) -> 0 | T21: =E21-D21 -> 22 | U21: Closed | V21: =VLOOKUP(F21,'Exposure data (PL)'!$J$3:$L$14,3,FALSE) -> 855.15321
A22: Claim_10 | B22: Name_10 | C22: Public Liability Bodily Injury | D22: 40489 | E22: 40517 | F22: =IF(MONTH(D22)<$D$4,YEAR(D22)-1,YEAR(D22)) -> 2010 | G22: Slip,Trip Or Fall-Same Level | H22: GBP | I22: 3572.9845 | J22: 0 | K22: 3572.9845 | L22: 0 | M22: 0 | N22: 3572.9845 | O22: =IF(N22=0,0,1) -> 1 | P22: =N22*$D$8 -> 3572.9845 | Q22: =P22*(1+$D$6)^(($D$5-D22)/365.25) -> 4537.5 | R22: =MIN($D$9,Q22)+MAX(Q22-$D$9-$D$10,0) -> 4537.5 | S22: =MIN(MAX(Q22-$D$9,0),$D$10) -> 0 | T22: =E22-D22 -> 28 | U22: Closed | V22: =VLOOKUP(F22,'Exposure data (PL)'!$J$3:$L$14,3,FALSE) -> 941.64068
A23: Claim_11 | B23: Name_11 | C23: Public Liability Bodily Injury | D23: 40421 | E23: 40557 | F23: =IF(MONTH(D23)<$D$4,YEAR(D23)-1,YEAR(D23)) -> 2010 | G23: Slip,Trip Or Fall-Same Level | H23: GBP | I23: 6885.4159 | J23: 0 | K23: 6885.4159 | L23: 0 | M23: 0 | N23: 6885.4159 | O23: =IF(N23=0,0,1) -> 1 | P23: =N23*$D$8 -> 6885.4159 | Q23: =P23*(1+$D$6)^(($D$5-D23)/365.25) -> 8823.9 | R23: =MIN($D$9,Q23)+MAX(Q23-$D$9-$D$10,0) -> 8823.9 | S23: =MIN(MAX(Q23-$D$9,0),$D$10) -> 0 | T23: =E23-D23 -> 136 | U23: Closed | V23: =VLOOKUP(F23,'Exposure data (PL)'!$J$3:$L$14,3,FALSE) -> 941.64068
A24: Claim_12 | B24: Name_12 | C24: Public Liability Property Damage | D24: 39368 | E24: 39451 | F24: =IF(MONTH(D24)<$D$4,YEAR(D24)-1,YEAR(D24)) -> 2007 | G24: Contact With | H24: GBP | I24: 3893.5168 | J24: 0 | K24: 3893.5168 | L24: 0 | M24: 0 | N24: 3893.5168 | O24: =IF(N24=0,0,1) -> 1 | P24: =N24*$D$8 -> 3893.5168 | Q24: =P24*(1+$D$6)^(($D$5-D24)/365.25) -> 5743.284 | R24: =MIN($D$9,Q24)+MAX(Q24-$D$9-$D$10,0) -> 5743.284 | S24: =MIN(MAX(Q24-$D$9,0),$D$10) -> 0 | T24: =E24-D24 -> 83 | U24: Closed | V24: =VLOOKUP(F24,'Exposure data (PL)'!$J$3:$L$14,3,FALSE) -> 616.17084
... A1730: Claim_1718 | B1730: Name_1718 | C1730: Public Liability Property Damage | D1730: 41677 | E1730: 41684 | F1730: =IF(MONTH(D1730)<$D$4,YEAR(D1730)-1,YEAR(D1730)) -> 2013 | G1730: Property Damage | H1730: GBP | I1730: 0 | J1730: 0 | K1730: 0 | L1730: 0 | M1730: 0 | N1730: 0 | O1730: =IF(N1730=0,0,1) -> 0 | P1730: =N1730*$D$8 -> 0 | Q1730: =P1730*(1+$D$6)^(($D$5-D1730)/365.25) -> 0 | R1730: =MIN($D$9,Q1730)+MAX(Q1730-$D$9-$D$10,0) -> 0 | S1730: =MIN(MAX(Q1730-$D$9,0),$D$10) -> 0 | T1730: =E1730-D1730 -> 7 | U1730: Closed | V1730: =VLOOKUP(F1730,'Exposure data (PL)'!$J$3:$L$14,3,FALSE) -> 1226.7615

Sheet Claims data
B3: Claim ID | C3: Loss date | D3: Loss Year | E3: First year reported as non-zero | F3: Type | G3: 2007 | H3: 2008 | I3: 2009 | J3: 2010 | K3: 2011 | L3: 2012 | M3: 2013 | N3: 2014
B4: Claim_1 | C4: 39265 | D4: 2007 | E4: =E6 -> 2007 | F4: Paid | G4: 1303.11 | H4: 1303.11 | I4: 1303.11 | J4: 1303.11 | K4: 1303.11 | L4: 1303.11 | M4: 1303.11 | N4: 1303.11
B5: Claim_1 | C5: 39265 | D5: 2007 | E5: =E6 -> 2007 | F5: O/S | G5: 0 | H5: 0 | I5: 0 | J5: 0 | K5: 0 | L5: 0 | M5: 0 | N5: 0
B6: Claim_1 | C6: 39265 | D6: 2007 | E6: {=MIN(IF(G6:N6>0,($G$3:$N$3)))} -> 2007 | F6: Incurred | G6: 1303.11 | H6: 1303.11 | I6: 1303.11 | J6: 1303.11 | K6: 1303.11 | L6: 1303.11 | M6: 1303.11 | N6: 1303.11
B7: Claim_2 | C7: 39266 | D7: 2007 | E7: =E9 -> 2007 | F7: Paid | G7: 0 | H7: 0 | I7: 180180.25 | J7: 180180.25 | K7: 180180.25 | L7: 432156.76 | M7: 432156.76 | N7: 432156.76
B8: Claim_2 | C8: 39266 | D8: 2007 | E8: =E9 -> 2007 | F8: O/S | G8: 2430000 | H8: 1500000 | I8: 281819.75 | J8: 248146.75 | K8: 251976.5 | L8: 0 | M8: 0 | N8: 0
B9: Claim_2 | C9: 39266 | D9: 2007 | E9: {=MIN(IF(G9:N9>0,($G$3:$N$3)))} -> 2007 | F9: Incurred | G9: 2430000 | H9: 1500000 | I9: 462000 | J9: 428327 | K9: 432156.76 | L9: 432156.76 | M9: 432156.76 | N9: 432156.76
B10: Claim_3 | C10: 39266 | D10: 2007 | E10: =E12 -> 2007 | F10: Paid | G10: 1097.856 | H10: 1097.856 | I10: 1097.856 | J10: 1097.856 | K10: 1097.856 | L10: 1097.856 | M10: 1097.856 | N10: 1097.856
B11: Claim_3 | C11: 39266 | D11: 2007 | E11: =E12 -> 2007 | F11: O/S | G11: 0 | H11: 0 | I11: 0 | J11: 0 | K11: 0 | L11: 0 | M11: 0 | N11: 0
B12: Claim_3 | C12: 39266 | D12: 2007 | E12: {=MIN(IF(G12:N12>0,($G$3:$N$3)))} -> 2007 | F12: Incurred | G12: 1097.856 | H12: 1097.856 | I12: 1097.856 | J12: 1097.856 | K12: 1097.856 | L12: 1097.856 | M12: 1097.856 | N12: 1097.856
B13: Claim_4 | C13: 39267 | D13: 2007 | E13: =E15 -> 2007 | F13: Paid | G13: 0 | H13: 0 | I13: 0 | J13: 0 | K13: 0 | L13: 0 | M13: 0 | N13: 0
B14: Claim_4 | C14: 39267 | D14: 2007 | E14: =E15 -> 2007 | F14: O/S | G14: 114000 | H14: 84000 | I14: 84000 | J14: 0 | K14: 0 | L14: 0 | M14: 0 | N14: 0
B15: Claim_4 | C15: 39267 | D15: 2007 | E15: {=MIN(IF(G15:N15>0,($G$3:$N$3)))} -> 2007 | F15: Incurred | G15: 114000 | H15: 84000 | I15: 84000 | J15: 0 | K15: 0 | L15: 0 | M15: 0 | N15: 0
B16: Claim_5 | C16: 39273 | D16: 2007 | E16: =E18 -> 2008 | F16: Paid | G16: 0 | H16: 0 | I16: 0 | J16: 0 | K16: 0 | L16: 0 | M16: 0 | N16: 0
B17: Claim_5 | C17: 39273 | D17: 2007 | E17: =E18 -> 2008 | F17: O/S | G17: 0 | H17: 30000 | I17: 30000 | J17: 0 | K17: 0 | L17: 0 | M17: 0 | N17: 0
B18: Claim_5 | C18: 39273 | D18: 2007 | E18: {=MIN(IF(G18:N18>0,($G$3:$N$3)))} -> 2008 | F18: Incurred | G18: 0 | H18: 30000 | I18: 30000 | J18: 0 | K18: 0 | L18: 0 | M18: 0 | N18: 0
B19: Claim_6 | C19: 39273 | D19: 2007 | E19: =E21 -> 2007 | F19: Paid | G19: 1551.486 | H19: 1551.486 | I19: 1551.486 | J19: 1551.486 | K19: 1551.486 | L19: 1551.486 | M19: 1551.486 | N19: 1551.486
B20: Claim_6 | C20: 39273 | D20: 2007 | E20: =E21 -> 2007 | F20: O/S | G20: 0 | H20: 0 | I20: 0 | J20: 0 | K20: 0 | L20: 0 | M20: 0 | N20: 0
B21: Claim_6 | C21: 39273 | D21: 2007 | E21: {=MIN(IF(G21:N21>0,($G$3:$N$3)))} -> 2007 | F21: Incurred | G21: 1551.486 | H21: 1551.486 | I21: 1551.486 | J21: 1551.486 | K21: 1551.486 | L21: 1551.486 | M21: 1551.486 | N21: 1551.486
B22: Claim_7 | C22: 39275 | D22: 2007 | E22: =E24 -> 2007 | F22: Paid | G22: 0 | H22: 0 | I22: 0 | J22: 0 | K22: 6687.852 | L22: 6687.852 | M22: 6687.852 | N22: 6687.852
B23: Claim_7 | C23: 39275 | D23: 2007 | E23: =E24 -> 2007 | F23: O/S | G23: 159000 | H23: 180000 | I23: 180000 | J23: 6687.852 | K23: 0 | L23: 0 | M23: 0 | N23: 0
B24: Claim_7 | C24: 39275 | D24: 2007 | E24: {=MIN(IF(G24:N24>0,($G$3:$N$3)))} -> 2007 | F24: Incurred | G24: 159000 | H24: 180000 | I24: 180000 | J24: 6687.852 | K24: 6687.852 | L24: 6687.852 | M24: 6687.852 | N24: 6687.852
B25: Claim_8 | C25: 39278 | D25: 2007 | E25: =E27 -> 2007 | F25: Paid | G25: 0 | H25: 0 | I25: 13063.992 | J25: 30565.2 | K25: 30565.2 | L25: 30565.2 | M25: 30565.2 | N25: 30565.2
B26: Claim_8 | C26: 39278 | D26: 2007 | E26: =E27 -> 2007 | F26: O/S | G26: 30000 | H26: 51000 | I26: 25936.008 | J26: 0 | K26: 0 | L26: 0 | M26: 0 | N26: 0
B27: Claim_8 | C27: 39278 | D27: 2007 | E27: {=MIN(IF(G27:N27>0,($G$3:$N$3)))} -> 2007 | F27: Incurred | G27: 30000 | H27: 51000 | I27: 39000 | J27: 30565.2 | K27: 30565.2 | L27: 30565.2 | M27: 30565.2 | N27: 30565.2
B28: Claim_9 | C28: 39279 | D28: 2007 | E28: =E30 -> 2008 | F28: Paid | G28: 0 | H28: 0 | I28: 0 | J28: 0 | K28: 0 | L28: 0 | M28: 0 | N28: 0
B29: Claim_9 | C29: 39279 | D29: 2007 | E29: =E30 -> 2008 | F29: O/S | G29: 0 | H29: 60000 | I29: 60000 | J29: 60000 | K29: 60000 | L29: 0 | M29: 0 | N29: 0
B30: Claim_9 | C30: 39279 | D30: 2007 | E30: {=MIN(IF(G30:N30>0,($G$3:$N$3)))} -> 2008 | F30: Incurred | G30: 0 | H30: 60000 | I30: 60000 | J30: 60000 | K30: 60000 | L30: 0 | M30: 0 | N30: 0
B31: Claim_10 | C31: 39285 | D31: 2007 | E31: =E33 -> 2007 | F31: Paid | G31: 710.814 | H31: 710.814 | I31: 710.814 | J31: 710.814 | K31: 710.814 | L31: 710.814 | M31: 710.814 | N31: 710.814
B32: Claim_10 | C32: 39285 | D32: 2007 | E32: =E33 -> 2007 | F32: O/S | G32: 0 | H32: 0 | I32: 0 | J32: 0 | K32: 0 | L32: 0 | M32: 0 | N32: 0
B33: Claim_10 | C33: 39285 | D33: 2007 | E33: {=MIN(IF(G33:N33>0,($G$3:$N$3)))} -> 2007 | F33: Incurred | G33: 710.814 | H33: 710.814 | I33: 710.814 | J33: 710.814 | K33: 710.814 | L33: 710.814 | M33: 710.814 | N33: 710.814
B34: Claim_11 | C34: 39286 | D34: 2007 | E34: =E36 -> 2007 | F34: Paid | G34: 0 | H34: 0 | I34: 995895.04 | J34: 995895.04 | K34: 995895.04 | L34: 995895.04 | M34: 995895.04 | N34: 995895.04
B35: Claim_11 | C35: 39286 | D35: 2007 | E35: =E36 -> 2007 | F35: O/S | G35: 900000 | H35: 900000 | I35: 0 | J35: 0 | K35: 0 | L35: 0 | M35: 0 | N35: 0
B36: Claim_11 | C36: 39286 | D36: 2007 | E36: {=MIN(IF(G36:N36>0,($G$3:$N$3)))} -> 2007 | F36: Incurred | G36: 900000 | H36: 900000 | I36: 995895.04 | J36: 995895.04 | K36: 995895.04 | L36: 995895.04 | M36: 995895.04 | N36: 995895.04
B37: Claim_12 | C37: 39287 | D37: 2007 | E37: =E39 -> 2007 | F37: Paid | G37: 0 | H37: 0 | I37: 0 | J37: 0 | K37: 0 | L37: 0 | M37: 0 | N37: 0
B38: Claim_12 | C38: 39287 | D38: 2007 | E38: =E39 -> 2007 | F38: O/S | G38: 39000 | H38: 0 | I38: 0 | J38: 0 | K38: 0 | L38: 0 | M38: 0 | N38: 0
B39: Claim_12 | C39: 39287 | D39: 2007 | E39: {=MIN(IF(G39:N39>0,($G$3:$N$3)))} -> 2007 | F39: Incurred | G39: 39000 | H39: 0 | I39: 0 | J39: 0 | K39: 0 | L39: 0 | M39: 0 | N39: 0
B40: Claim_13 | C40: 39289 | D40: 2007 | E40: =E42 -> 2007 | F40: Paid | G40: 0 | H40: 0 | I40: 113689.43 | J40: 113689.43 | K40: 113689.43 | L40: 113689.43 | M40: 113689.43 | N40: 113689.43
B41: Claim_13 | C41: 39289 | D41: 2007 | E41: =E42 -> 2007 | F41: O/S | G41: 148200 | H41: 165000 | I41: 0 | J41: 0 | K41: 0 | L41: 0 | M41: 0 | N41: 0
B42: Claim_13 | C42: 39289 | D42: 2007 | E42: {=MIN(IF(G42:N42>0,($G$3:$N$3)))} -> 2007 | F42: Incurred | G42: 148200 | H42: 165000 | I42: 113689.43 | J42: 113689.43 | K42: 113689.43 | L42: 113689.43 | M42: 113689.43 | N42: 113689.43
B43: Claim_14 | C43: 39289 | D43: 2007 | E43: =E45 -> 2007 | F43: Paid | G43: 0 | H43: 0 | I43: 34868.136 | J43: 34868.136 | K43: 34868.136 | L43: 34868.136 | M43: 34868.136 | N43: 34868.136
B44: Claim_14 | C44: 39289 | D44: 2007 | E44: =E45 -> 2007 | F44: O/S | G44: 168000 | H44: 192000 | I44: 0 | J44: 0 | K44: 0 | L44: 0 | M44: 0 | N44: 0
B45: Claim_14 | C45: 39289 | D45: 2007 | E45: {=MIN(IF(G45:N45>0,($G$3:$N$3)))} -> 2007 | F45: Incurred | G45: 168000 | H45: 192000 | I45: 34868.136 | J45: 34868.136 | K45: 34868.136 | L45: 34868.136 | M45: 34868.136 | N45: 34868.136
B46: Claim_15 | C46: 39290 | D46: 2007 | E46: =E48 -> 2007 | F46: Paid | G46: 482.178 | H46: 482.178 | I46: 482.178 | J46: 482.178 | K46: 482.178 | L46: 482.178 | M46: 482.178 | N46: 482.178
B47: Claim_15 | C47: 39290 | D47: 2007 | E47: =E48 -> 2007 | F47: O/S | G47: 0 | H47: 0 | I47: 0 | J47: 0 | K47: 0 | L47: 0 | M47: 0 | N47: 0
B48: Claim_15 | C48: 39290 | D48: 2007 | E48: {=MIN(IF(G48:N48>0,($G$3:$N$3)))} -> 2007 | F48: Incurred | G48: 482.178 | H48: 482.178 | I48: 482.178 | J48: 482.178 | K48: 482.178 | L48: 482.178 | M48: 482.178 | N48: 482.178
B49: Claim_16 | C49: 39291 | D49: 2007 | E49: =E51 -> 2007 | F49: Paid | G49: 0 | H49: 0 | I49: 8009.856 | J49: 8009.856 | K49: 23337.282 | L49: 23337.282 | M49: 23337.282 | N49: 23337.282
B50: Claim_16 | C50: 39291 | D50: 2007 | E50: =E51 -> 2007 | F50: O/S | G50: 66840 | H50: 48000 | I50: 39990.144 | J50: 39990.144 | K50: 0 | L50: 0 | M50: 0 | N50: 0
B51: Claim_16 | C51: 39291 | D51: 2007 | E51: {=MIN(IF(G51:N51>0,($G$3:$N$3)))} -> 2007 | F51: Incurred | G51: 66840 | H51: 48000 | I51: 48000 | J51: 48000 | K51: 23337.282 | L51: 23337.282 | M51: 23337.282 | N51: 23337.282
B52: Claim_17 | C52: 39293 | D52: 2007 | E52: =E54 -> 2007 | F52: Paid | G52: 0 | H52: 745.05 | I52: 745.05 | J52: 745.05 | K52: 745.05 | L52: 745.05 | M52: 745.05 | N52: 745.05
B53: Claim_17 | C53: 39293 | D53: 2007 | E53: =E54 -> 2007 | F53: O/S | G53: 745.05 | H53: 0 | I53: 0 | J53: 0 | K53: 0 | L53: 0 | M53: 0 | N53: 0
B54: Claim_17 | C54: 39293 | D54: 2007 | E54: {=MIN(IF(G54:N54>0,($G$3:$N$3)))} -> 2007 | F54: Incurred | G54: 745.05 | H54: 745.05 | I54: 745.05 | J54: 745.05 | K54: 745.05 | L54: 745.05 | M54: 745.05 | N54: 745.05
B55: Claim_18 | C55: 39296 | D55: 2007 | E55: =E57 -> 2007 | F55: Paid | G55: 1550.718 | H55: 1550.718 | I55: 1550.718 | J55: 1550.718 | K55: 1550.718 | L55: 1550.718 | M55: 1550.718 | N55: 1550.718
B56: Claim_18 | C56: 39296 | D56: 2007 | E56: =E57 -> 2007 | F56: O/S | G56: 0.138 | H56: 0.138 | I56: 0.138 | J56: 0.138 | K56: 0.138 | L56: 0.138 | M56: 0.138 | N56: 0.138
B57: Claim_18 | C57: 39296 | D57: 2007 | E57: {=MIN(IF(G57:N57>0,($G$3:$N$3)))} -> 2007 | F57: Incurred | G57: 1550.856 | H57: 1550.856 | I57: 1550.856 | J57: 1550.856 | K57: 1550.856 | L57: 1550.856 | M57: 1550.856 | N57: 1550.856
B58: Claim_19 | C58: 39297 | D58: 2007 | E58: =E60 -> 2007 | F58: Paid | G58: 0 | H58: 0 | I58: 0 | J58: 0 | K58: 0 | L58: 0 | M58: 0 | N58: 0
B59: Claim_19 | C59: 39297 | D59: 2007 | E59: =E60 -> 2007 | F59: O/S | G59: 210000 | H59: 0 | I59: 0 | J59: 0 | K59: 0 | L59: 0 | M59: 0 | N59: 0
B60: Claim_19 | C60: 39297 | D60: 2007 | E60: {=MIN(IF(G60:N60>0,($G$3:$N$3)))} -> 2007 | F60: Incurred | G60: 210000 | H60: 0 | I60: 0 | J60: 0 | K60: 0 | L60: 0 | M60: 0 | N60: 0
B61: Claim_20 | C61: 39297 | D61: 2007 | E61: =E63 -> 2007 | F61: Paid | G61: 0 | H61: 708.954 | I61: 708.954 | J61: 708.954 | K61: 708.954 | L61: 708.954 | M61: 708.954 | N61: 708.954
B62: Claim_20 | C62: 39297 | D62: 2007 | E62: =E63 -> 2007 | F62: O/S | G62: 708.954 | H62: 0 | I62: 0 | J62: 0 | K62: 0 | L62: 0 | M62: 0 | N62: 0
B63: Claim_20 | C63: 39297 | D63: 2007 | E63: {=MIN(IF(G63:N63>0,($G$3:$N$3)))} -> 2007 | F63: Incurred | G63: 708.954 | H63: 708.954 | I63: 708.954 | J63: 708.954 | K63: 708.954 | L63: 708.954 | M63: 708.954 | N63: 708.954
B64: Claim_21 | C64: 39297 | D64: 2007 | E64: =E66 -> 2008 | F64: Paid | H64: 0 | I64: 1666.254 | J64: 1666.254 | K64: 1666.254 | L64: 1666.254 | M64: 1666.254 | N64: 1666.254
B65: Claim_21 | C65: 39297 | D65: 2007 | E65: =E66 -> 2008 | F65: O/S | H65: 1128.618 | I65: 0 | J65: 0 | K65: 0 | L65: 0 | M65: 0 | N65: 0
B66: Claim_21 | C66: 39297 | D66: 2007 | E66: {=MIN(IF(G66:N66>0,($G$3:$N$3)))} -> 2008 | F66: Incurred | G66: 0 | H66: 1128.618 | I66: 1666.254 | J66: 1666.254 | K66: 1666.254 | L66: 1666.254 | M66: 1666.254 | N66: 1666.254
B67: Claim_22 | C67: 39299 | D67: 2007 | E67: =E69 -> 2007 | F67: Paid | G67: 1216.578 | H67: 1216.578 | I67: 1216.578 | J67: 1216.578 | K67: 1216.578 | L67: 1216.578 | M67: 1216.578 | N67: 1216.578
B68: Claim_22 | C68: 39299 | D68: 2007 | E68: =E69 -> 2007 | F68: O/S | G68: 0 | H68: 0 | I68: 0 | J68: 0 | K68: 0 | L68: 0 | M68: 0 | N68: 0
B69: Claim_22 | C69: 39299 | D69: 2007 | E69: {=MIN(IF(G69:N69>0,($G$3:$N$3)))} -> 2007 | F69: Incurred | G69: 1216.578 | H69: 1216.578 | I69: 1216.578 | J69: 1216.578 | K69: 1216.578 | L69: 1216.578 | M69: 1216.578 | N69: 1216.578
B70: Claim_23 | C70: 39300 | D70: 2007 | E70: =E72 -> 2007 | F70: Paid | G70: 899.55 | H70: 899.55 | I70: 899.55 | J70: 899.55 | K70: 899.55 | L70: 899.55 | M70: 899.55 | N70: 899.55
B71: Claim_23 | C71: 39300 | D71: 2007 | E71: =E72 -> 2007 | F71: O/S | G71: 0 | H71: 0 | I71: 0 | J71: 0 | K71: 0 | L71: 0 | M71: 0 | N71: 0
B72: Claim_23 | C72: 39300 | D72: 2007 | E72: {=MIN(IF(G72:N72>0,($G$3:$N$3)))} -> 2007 | F72: Incurred | G72: 899.55 | H72: 899.55 | I72: 899.55 | J72: 899.55 | K72: 899.55 | L72: 899.55 | M72: 899.55 | N72: 899.55
B73: Claim_24 | C73: 39301 | D73: 2007 | E73: =E75 -> 2008 | F73: Paid | G73: 0 | H73: 0 | I73: 0 | J73: 0 | K73: 0 | L73: 0 | M73: 0 | N73: 0
B74: Claim_24 | C74: 39301 | D74: 2007 | E74: =E75 -> 2008 | F74: O/S | G74: 0 | H74: 18000 | I74: 18000 | J74: 0 | K74: 0 | L74: 0 | M74: 0 | N74: 0
B75: Claim_24 | C75: 39301 | D75: 2007 | E75: {=MIN(IF(G75:N75>0,($G$3:$N$3)))} -> 2008 | F75: Incurred | G75: 0 | H75: 18000 | I75: 18000 | J75: 0 | K75: 0 | L75: 0 | M75: 0 | N75: 0
B76: Claim_25 | C76: 39301 | D76: 2007 | E76: =E78 -> 2007 | F76: Paid | G76: 0 | H76: 0 | I76: 0 | J76: 0 | K76: 0 | L76: 0 | M76: 0 | N76: 0
B77: Claim_25 | C77: 39301 | D77: 2007 | E77: =E78 -> 2007 | F77: O/S | G77: 124200 | H77: 60000 | I77: 60000 | J77: 0 | K77: 0 | L77: 0 | M77: 0 | N77: 0
B78: Claim_25 | C78: 39301 | D78: 2007 | E78: {=MIN(IF(G78:N78>0,($G$3:$N$3)))} -> 2007 | F78: Incurred | G78: 124200 | H78: 60000 | I78: 60000 | J78: 0 | K78: 0 | L78: 0 | M78: 0 | N78: 0
B79: Claim_26 | C79: 39302 | D79: 2007 | E79: =E81 -> 2007 | F79: Paid | G79: 1216.578 | H79: 1216.578 | I79: 1216.578 | J79: 1216.578 | K79: 1216.578 | L79: 1216.578 | M79: 1216.578 | N79: 1216.578
B80: Claim_26 | C80: 39302 | D80: 2007 | E80: =E81 -> 2007 | F80: O/S | G80: 0 | H80: 0 | I80: 0 | J80: 0 | K80: 0 | L80: 0 | M80: 0 | N80: 0
B81: Claim_26 | C81: 39302 | D81: 2007 | E81: {=MIN(IF(G81:N81>0,($G$3:$N$3)))} -> 2007 | F81: Incurred | G81: 1216.578 | H81: 1216.578 | I81: 1216.578 | J81: 1216.578 | K81: 1216.578 | L81: 1216.578 | M81: 1216.578 | N81: 1216.578
B82: Claim_27 | C82: 39304 | D82: 2007 | E82: =E84 -> 2007 | F82: Paid | G82: 0 | H82: 2482.728 | I82: 2482.728 | J82: 2482.728 | K82: 2482.728 | L82: 2482.728 | M82: 2482.728 | N82: 2482.728
B83: Claim_27 | C83: 39304 | D83: 2007 | E83: =E84 -> 2007 | F83: O/S | G83: 4074 | H83: 0 | I83: 0 | J83: 0 | K83: 0 | L83: 0 | M83: 0 | N83: 0
B84: Claim_27 | C84: 39304 | D84: 2007 | E84: {=MIN(IF(G84:N84>0,($G$3:$N$3)))} -> 2007 | F84: Incurred | G84: 4074 | H84: 2482.728 | I84: 2482.728 | J84: 2482.728 | K84: 2482.728 | L84: 2482.728 | M84: 2482.728 | N84: 2482.728
B85: Claim_28 | C85: 39307 | D85: 2007 | E85: =E87 -> 2007 | F85: Paid | G85: 0 | H85: 0 | I85: 0 | J85: 0 | K85: 0 | L85: 0 | M85: 0 | N85: 0
B86: Claim_28 | C86: 39307 | D86: 2007 | E86: =E87 -> 2007 | F86: O/S | G86: 33000 | H86: 36000 | I86: 36000 | J86: 0 | K86: 0 | L86: 0 | M86: 0 | N86: 0
B87: Claim_28 | C87: 39307 | D87: 2007 | E87: {=MIN(IF(G87:N87>0,($G$3:$N$3)))} -> 2007 | F87: Incurred | G87: 33000 | H87: 36000 | I87: 36000 | J87: 0 | K87: 0 | L87: 0 | M87: 0 | N87: 0
B88: Claim_29 | C88: 39309 | D88: 2007 | E88: =E90 -> 2007 | F88: Paid | G88: 0 | H88: 1303.146 | I88: 1303.146 | J88: 1303.146 | K88: 1303.146 | L88: 1303.146 | M88: 1303.146 | N88: 1303.146
B89: Claim_29 | C89: 39309 | D89: 2007 | E89: =E90 -> 2007 | F89: O/S | G89: 1303.146 | H89: 0 | I89: 0 | J89: 0 | K89: 0 | L89: 0 | M89: 0 | N89: 0
B90: Claim_29 | C90: 39309 | D90: 2007 | E90: {=MIN(IF(G90:N90>0,($G$3:$N$3)))} -> 2007 | F90: Incurred | G90: 1303.146 | H90: 1303.146 | I90: 1303.146 | J90: 1303.146 | K90: 1303.146 | L90: 1303.146 | M90: 1303.146 | N90: 1303.146
B91: Claim_30 | C91: 39309 | D91: 2007 | E91: =E93 -> 2007 | F91: Paid | G91: 1550.928 | H91: 1550.928 | I91: 1550.928 | J91: 1550.928 | K91: 1550.928 | L91: 1550.928 | M91: 1550.928 | N91: 1550.928
B92: Claim_30 | C92: 39309 | D92: 2007 | E92: =E93 -> 2007 | F92: O/S | G92: 0 | H92: 0 | I92: 0 | J92: 0 | K92: 0 | L92: 0 | M92: 0 | N92: 0
B93: Claim_30 | C93: 39309 | D93: 2007 | E93: {=MIN(IF(G93:N93>0,($G$3:$N$3)))} -> 2007 | F93: Incurred | G93: 1550.928 | H93: 1550.928 | I93: 1550.928 | J93: 1550.928 | K93: 1550.928 | L93: 1550.928 | M93: 1550.928 | N93: 1550.928
B94: Claim_31 | C94: 39311 | D94: 2007 | E94: =E96 -> 2007 | F94: Paid | G94: 0 | H94: 0 | I94: 0 | J94: 0 | K94: 0 | L94: 0 | M94: 0 | N94: 0
B95: Claim_31 | C95: 39311 | D95: 2007 | E95: =E96 -> 2007 | F95: O/S | G95: 75000 | H95: 0 | I95: 0 | J95: 0 | K95: 0 | L95: 0 | M95: 0 | N95: 0
B96: Claim_31 | C96: 39311 | D96: 2007 | E96: {=MIN(IF(G96:N96>0,($G$3:$N$3)))} -> 2007 | F96: Incurred | G96: 75000 | H96: 0 | I96: 0 | J96: 0 | K96: 0 | L96: 0 | M96: 0 | N96: 0
B97: Claim_32 | C97: 39311 | D97: 2007 | E97: =E99 -> 2007 | F97: Paid | G97: 1216.578 | H97: 1216.578 | I97: 1216.578 | J97: 1216.578 | K97: 1216.578 | L97: 1216.578 | M97: 1216.578 | N97: 1216.578
B98: Claim_32 | C98: 39311 | D98: 2007 | E98: =E99 -> 2007 | F98: O/S | G98: 0 | H98: 0 | I98: 0 | J98: 0 | K98: 0 | L98: 0 | M98: 0 | N98: 0
B99: Claim_32 | C99: 39311 | D99: 2007 | E99: {=MIN(IF(G99:N99>0,($G$3:$N$3)))} -> 2007 | F99: Incurred | G99: 1216.578 | H99: 1216.578 | I99: 1216.578 | J99: 1216.578 | K99: 1216.578 | L99: 1216.578 | M99: 1216.578 | N99: 1216.578
B100: Claim_33 | C100: 39312 | D100: 2007 | E100: =E102 -> 2007 | F100: Paid | G100: 1392.048 | H100: 1392.048 | I100: 1392.048 | J100: 1392.048 | K100: 1392.048 | L100: 1392.048 | M100: 1392.048 | N100: 1392.048
B101: Claim_33 | C101: 39312 | D101: 2007 | E101: =E102 -> 2007 | F101: O/S | G101: 0.234 | H101: 0.234 | I101: 0.234 | J101: 0.234 | K101: 0.234 | L101: 0.234 | M101: 0.234 | N101: 0.234
B102: Claim_33 | C102: 39312 | D102: 2007 | E102: {=MIN(IF(G102:N102>0,($G$3:$N$3)))} -> 2007 | F102: Incurred | G102: 1392.282 | H102: 1392.282 | I102: 1392.282 | J102: 1392.282 | K102: 1392.282 | L102: 1392.282 | M102: 1392.282 | N102: 1392.282
...

Sheet Exposure data (PL)
A1: Historic exposure data | E1: Exposure inflation | F1: 0.04
A3: Fiscal year | B3: Turnover (£m) | D3: Policy year | E3: Turnover (x 1€m) - aligned to policy year | F3: Turnover (x 1€m) - revalued @ 4% p.a. | H3: Employee Numbers | J3: Policy year | K3: Turnover (£m) - aligned to policy year | L3: Turnover (£m) - revalued @ 4% p.a. | N3: Employee Numbers
A4: 2005 | B4: 311.19 | D4: 2002 | E4: =B4 -> 311.19 | F4: =E4*(1+$F$1)^(2012-D4) -> 460.63722 | H4: 12696 | J4: 2005 | K4: =B4 -> 311.19 | L4: =K4*(1+$F$1)^($A$14-J4) -> 460.63722 | N4: 12696
A5: =A4+1 -> 2006 | B5: 381.975 | D5: 2003 | E5: =B5 -> 381.975 | F5: =E5*(1+$F$1)^(2012-D5) -> 543.66953 | H5: 15964 | J5: =J4+1 -> 2006 | K5: =B5 -> 381.975 | L5: =K5*(1+$F$1)^($A$14-J5) -> 543.66953 | N5: 15964
A6: =A5+1 -> 2007 | B6: 450.23 | D6: 2004 | E6: =B6 -> 450.23 | F6: =E6*(1+$F$1)^(2012-D6) -> 616.17084 | H6: 16706 | J6: =J5+1 -> 2007 | K6: =B6 -> 450.23 | L6: =K6*(1+$F$1)^($A$14-J6) -> 616.17084 | N6: 16706
A7: =A6+1 -> 2008 | B7: 514.58 | D7: 2005 | E7: =B7 -> 514.58 | F7: =E7*(1+$F$1)^(2012-D7) -> 677.15217 | H7: 17831 | J7: =J6+1 -> 2008 | K7: =B7 -> 514.58 | L7: =K7*(1+$F$1)^($A$14-J7) -> 677.15217 | N7: 17831
A8: =A7+1 -> 2009 | B8: 675.84 | D8: 2006 | E8: =B8 -> 675.84 | F8: =E8*(1+$F$1)^(2012-D8) -> 855.15321 | H8: 23301 | J8: =J7+1 -> 2009 | K8: =B8 -> 675.84 | L8: =K8*(1+$F$1)^($A$14-J8) -> 855.15321 | N8: 23301
A9: =A8+1 -> 2010 | B9: 773.96 | D9: 2007 | E9: =B9 -> 773.96 | F9: =E9*(1+$F$1)^(2012-D9) -> 941.64068 | H9: 26377 | J9: =J8+1 -> 2010 | K9: =B9 -> 773.96 | L9: =K9*(1+$F$1)^($A$14-J9) -> 941.64068 | N9: 26377
A10: =A9+1 -> 2011 | B10: 837.045 | D10: 2008 | E10: =B10 -> 837.045 | F10: =E10*(1+$F$1)^(2012-D10) -> 979.22426 | H10: 27529 | J10: =J9+1 -> 2011 | K10: =B10 -> 837.045 | L10: =K10*(1+$F$1)^($A$14-J10) -> 979.22426 | N10: 27529
A11: =A10+1 -> 2012 | B11: 1057.54 | D11: 2009 | E11: =B11 -> 1057.54 | F11: =E11*(1+$F$1)^(2012-D11) -> 1189.5887 | H11: 29497 | J11: =J10+1 -> 2012 | K11: =B11 -> 1057.54 | L11: =K11*(1+$F$1)^($A$14-J11) -> 1189.5887 | N11: 29497
A12: =A11+1 -> 2013 | B12: 1134.21 | D12: 2010 | E12: =B12 -> 1134.21 | F12: =E12*(1+$F$1)^(2012-D12) -> 1226.7615 | H12: 32373 | J12: =J11+1 -> 2013 | K12: =B12 -> 1134.21 | L12: =K12*(1+$F$1)^($A$14-J12) -> 1226.7615 | N12: 32373
A13: =A12+1 -> 2014 | B13: 1164.35 | D13: 2011 | E13: =B13 -> 1164.35 | F13: =E13*(1+$F$1)^(2012-D13) -> 1210.924 | H13: 34375 | J13: =J12+1 -> 2014 | K13: =B13 -> 1164.35 | L13: =K13*(1+$F$1)^($A$14-J13) -> 1210.924 | N13: 34375
A14: =A13+1 -> 2015 | B14: 1265 | D14: 2012 | E14: =B14 -> 1265 | F14: =E14*(1+$F$1)^(2012-D14) -> 1265 | H14: 37290 | J14: =J13+1 -> 2015 | K14: =B14 -> 1265 | L14: =K14*(1+$F$1)^($A$14-J14) -> 1265 | N14: 37290
